"YEAR","JURISDICTION","LOCATION","AGE_GROUP","DETECTION_METHOD","FINES","ARRESTS","CHARGES","OFFENSES_SUM"
2024,"NSW","Major Cities of Australia","65 and over","Police issued",31,0,0,31
2024,"NSW","Outer Regional Australia","17-25","Police issued",6,0,0,6
2024,"NSW","Outer Regional Australia","26-39","Police issued",11,0,0,11
2024,"NSW","Outer Regional Australia","40-64","Police issued",3,0,0,3
2024,"NSW","Outer Regional Australia","65 and over","Police issued",2,0,0,2
2024,"NSW","Remote Australia","17-25","Police issued",1,0,1,2
2024,"NSW","Unknown","17-25","Police issued",12,0,1,13
2024,"NSW","Unknown","26-39","Police issued",14,0,0,14
2024,"NSW","Unknown","40-64","Police issued",10,0,0,10
2024,"NSW","Unknown","65 and over","Police issued",2,0,0,2
2024,"NSW","Unknown","Unknown","Camera",13537,0,0,13537
2024,"NT","Unknown","17-25","Police issued",1,0,0,1
2024,"NT","Unknown","26-39","Police issued",6,0,1,7
2024,"NT","Unknown","40-64","Police issued",1,0,0,1
2024,"QLD","Unknown","0-16","Camera",162,0,0,162
2024,"QLD","Unknown","0-16","Police issued",2,0,0,2
2024,"QLD","Unknown","17-25","Camera",864,0,0,864
2024,"QLD","Unknown","17-25","Police issued",64,0,0,64
2024,"QLD","Unknown","26-39","Camera",2545,0,0,2545
2024,"QLD","Unknown","26-39","Police issued",105,0,0,105
2024,"QLD","Unknown","40-64","Camera",2472,0,0,2472
2024,"QLD","Unknown","40-64","Police issued",53,0,0,53
2024,"QLD","Unknown","65 and over","Camera",318,0,0,318
2024,"QLD","Unknown","65 and over","Police issued",7,0,0,7
2024,"QLD","Unknown","Unknown","Camera",30,0,0,30
2024,"SA","Inner Regional Australia","17-25","Police issued",1,0,0,1
2024,"SA","Inner Regional Australia","26-39","Police issued",1,0,0,1
2024,"SA","Inner Regional Australia","40-64","Police issued",2,0,0,2
2024,"SA","Major Cities of Australia","17-25","Police issued",32,0,0,32
2024,"SA","Major Cities of Australia","26-39","Police issued",55,0,0,55
2024,"SA","Major Cities of Australia","40-64","Police issued",42,0,0,42
2024,"SA","Major Cities of Australia","65 and over","Police issued",6,0,0,6
2024,"SA","Outer Regional Australia","17-25","Police issued",1,0,0,1
2024,"SA","Outer Regional Australia","40-64","Police issued",1,0,0,1
2024,"SA","Remote Australia","26-39","Police issued",1,0,0,1
2024,"SA","Unknown","17-25","Police issued",1,0,0,1
2024,"TAS","Unknown","17-25","Camera",10,0,0,10
2024,"TAS","Unknown","17-25","Police issued",37,0,0,37
2024,"TAS","Unknown","26-39","Camera",77,0,0,77
2024,"TAS","Unknown","26-39","Police issued",44,0,2,46
2024,"TAS","Unknown","40-64","Camera",50,0,0,50
2024,"TAS","Unknown","40-64","Police issued",36,0,1,37
2024,"TAS","Unknown","65 and over","Camera",9,0,0,9
2024,"TAS","Unknown","65 and over","Police issued",10,0,0,10
2024,"VIC","Inner Regional Australia","0-16","Camera",0,0,0,0
2024,"VIC","Inner Regional Australia","0-16","Camera",0,0,0,0
2024,"VIC","Inner Regional Australia","17-25","Camera",0,0,0,0
2024,"VIC","Inner Regional Australia","17-25","Camera",101,0,0,101
2024,"VIC","Inner Regional Australia","26-39","Camera",0,0,0,0
2024,"VIC","Inner Regional Australia","26-39","Camera",387,0,0,387
2024,"VIC","Inner Regional Australia","40-64","Camera",0,0,0,0
2024,"VIC","Inner Regional Australia","40-64","Camera",502,0,0,502
2024,"VIC","Inner Regional Australia","65 and over","Camera",0,0,0,0
2024,"VIC","Inner Regional Australia","65 and over","Camera",85,0,0,85
2024,"VIC","Inner Regional Australia","Unknown","Camera",0,0,0,0
2024,"VIC","Inner Regional Australia","Unknown","Camera",330,0,0,330
2024,"VIC","Major Cities of Australia","0-16","Camera",0,0,0,0
2024,"VIC","Major Cities of Australia","0-16","Camera",0,0,0,0
2024,"VIC","Major Cities of Australia","17-25","Camera",0,0,0,0
2024,"VIC","Major Cities of Australia","17-25","Camera",290,0,0,290
2024,"VIC","Major Cities of Australia","26-39","Camera",0,0,0,0
2024,"VIC","Major Cities of Australia","26-39","Camera",1402,0,0,1402
2024,"VIC","Major Cities of Australia","40-64","Camera",0,0,0,0
2024,"VIC","Major Cities of Australia","40-64","Camera",1884,0,0,1884
2024,"VIC","Major Cities of Australia","65 and over","Camera",0,0,0,0
2024,"VIC","Major Cities of Australia","65 and over","Camera",289,0,0,289
2024,"VIC","Major Cities of Australia","Unknown","Camera",0,0,0,0
2024,"VIC","Major Cities of Australia","Unknown","Camera",1223,0,0,1223
2024,"VIC","Outer Regional Australia","0-16","Camera",0,0,0,0
2024,"VIC","Outer Regional Australia","0-16","Camera",0,0,0,0
2024,"VIC","Outer Regional Australia","17-25","Camera",0,0,0,0
2024,"VIC","Outer Regional Australia","17-25","Camera",0,0,0,0
2024,"VIC","Outer Regional Australia","26-39","Camera",0,0,0,0
2024,"VIC","Outer Regional Australia","26-39","Camera",0,0,0,0
2024,"VIC","Outer Regional Australia","40-64","Camera",0,0,0,0
2024,"VIC","Outer Regional Australia","40-64","Camera",0,0,0,0
2024,"VIC","Outer Regional Australia","65 and over","Camera",0,0,0,0
2024,"VIC","Outer Regional Australia","65 and over","Camera",0,0,0,0
2024,"VIC","Outer Regional Australia","Unknown","Camera",0,0,0,0
2024,"VIC","Outer Regional Australia","Unknown","Camera",0,0,0,0
2024,"VIC","Remote Australia","0-16","Camera",0,0,0,0
2024,"VIC","Remote Australia","0-16","Camera",0,0,0,0
2024,"VIC","Remote Australia","17-25","Camera",0,0,0,0
2024,"VIC","Remote Australia","17-25","Camera",0,0,0,0
2024,"VIC","Remote Australia","26-39","Camera",0,0,0,0
2024,"VIC","Remote Australia","26-39","Camera",0,0,0,0
2024,"VIC","Remote Australia","40-64","Camera",0,0,0,0
2024,"VIC","Remote Australia","40-64","Camera",0,0,0,0
2024,"VIC","Remote Australia","65 and over","Camera",0,0,0,0
2024,"VIC","Remote Australia","65 and over","Camera",0,0,0,0
2024,"VIC","Remote Australia","Unknown","Camera",0,0,0,0
2024,"VIC","Remote Australia","Unknown","Camera",0,0,0,0
2024,"VIC","Unknown","0-16","Camera",0,0,0,0
2024,"VIC","Unknown","0-16","Camera",0,0,0,0
2024,"VIC","Unknown","0-16","Police issued",3,0,0,3
2024,"VIC","Unknown","17-25","Camera",0,0,0,0
2024,"VIC","Unknown","17-25","Camera",0,0,0,0
2024,"VIC","Unknown","17-25","Police issued",258,0,0,258
2024,"VIC","Unknown","26-39","Camera",0,0,0,0
2024,"VIC","Unknown","26-39","Camera",0,0,0,0
2024,"VIC","Unknown","26-39","Police issued",587,0,0,587
2024,"VIC","Unknown","40-64","Camera",0,0,0,0
2024,"VIC","Unknown","40-64","Camera",0,0,0,0
2024,"VIC","Unknown","40-64","Police issued",452,0,0,452
2024,"VIC","Unknown","65 and over","Camera",0,0,0,0
2024,"VIC","Unknown","65 and over","Camera",0,0,0,0
2024,"VIC","Unknown","65 and over","Police issued",56,0,0,56
2024,"VIC","Unknown","Unknown","Camera",0,0,0,0
2024,"VIC","Unknown","Unknown","Camera",0,0,0,0
2024,"VIC","Unknown","Unknown","Police issued",1,0,0,1
2024,"WA","Unknown","17-25","Police issued",62,0,0,62
2024,"WA","Unknown","17-25","Unknown",0,1,3,4
2024,"WA","Unknown","26-39","Police issued",130,0,0,130
2024,"WA","Unknown","26-39","Unknown",0,0,5,5
2024,"WA","Unknown","40-64","Police issued",91,0,0,91
2024,"WA","Unknown","40-64","Unknown",0,0,3,3
2024,"WA","Unknown","65 and over","Police issued",11,0,0,11
2024,"ACT","Major Cities of Australia","17-25","Camera",265,0,0,265
2024,"ACT","Major Cities of Australia","17-25","Police issued",5,0,0,5
2024,"ACT","Major Cities of Australia","26-39","Camera",670,0,0,670
2024,"ACT","Major Cities of Australia","26-39","Police issued",9,0,0,9
2024,"ACT","Major Cities of Australia","40-64","Camera",614,0,0,614
2024,"ACT","Major Cities of Australia","40-64","Police issued",6,0,0,6
2024,"ACT","Major Cities of Australia","65 and over","Camera",68,0,0,68
2024,"ACT","Major Cities of Australia","65 and over","Police issued",1,0,0,1
2024,"ACT","Major Cities of Australia","Unknown","Camera",27,0,0,27
2024,"NSW","Inner Regional Australia","17-25","Police issued",56,0,1,57
2024,"NSW","Inner Regional Australia","26-39","Police issued",63,0,1,64
2024,"NSW","Inner Regional Australia","40-64","Police issued",28,0,0,28
2024,"NSW","Inner Regional Australia","65 and over","Police issued",6,0,0,6
2024,"NSW","Major Cities of Australia","17-25","Police issued",337,0,8,345
2024,"NSW","Major Cities of Australia","26-39","Police issued",382,0,7,389
2024,"NSW","Major Cities of Australia","40-64","Police issued",254,0,3,257
2024,"NSW","Major Cities of Australia","65 and over","Police issued",26,0,0,26
2024,"NSW","Outer Regional Australia","17-25","Police issued",4,0,0,4
2024,"NSW","Outer Regional Australia","26-39","Police issued",5,0,0,5
2024,"NSW","Outer Regional Australia","40-64","Police issued",10,0,0,10
2024,"NSW","Remote Australia","17-25","Police issued",1,0,0,1
2024,"NSW","Remote Australia","26-39","Police issued",1,0,0,1
2024,"NSW","Unknown","17-25","Police issued",3,0,0,3
2024,"NSW","Unknown","26-39","Police issued",1,0,1,2
2024,"NSW","Unknown","40-64","Police issued",3,0,0,3
2024,"NSW","Unknown","Unknown","Camera",14053,0,0,14053
2024,"NSW","Very Remote Australia","26-39","Police issued",1,0,0,1
2024,"NT","Unknown","17-25","Police issued",1,0,0,1
2024,"NT","Unknown","26-39","Police issued",9,0,0,9
2024,"NT","Unknown","40-64","Police issued",9,0,3,12
2024,"NT","Unknown","65 and over","Police issued",1,0,0,1
2024,"QLD","Unknown","0-16","Camera",199,0,0,199
2024,"QLD","Unknown","17-25","Camera",919,0,0,919
2024,"QLD","Unknown","17-25","Police issued",92,0,0,92
2024,"QLD","Unknown","26-39","Camera",2781,0,0,2781
2024,"QLD","Unknown","26-39","Police issued",123,0,0,123
2024,"QLD","Unknown","40-64","Camera",2784,0,0,2784
2024,"QLD","Unknown","40-64","Police issued",95,0,0,95
2024,"QLD","Unknown","65 and over","Camera",332,0,0,332
2024,"QLD","Unknown","65 and over","Police issued",8,0,0,8
2024,"QLD","Unknown","Unknown","Camera",28,0,0,28
2024,"SA","Inner Regional Australia","17-25","Police issued",1,0,0,1
2024,"SA","Inner Regional Australia","26-39","Police issued",4,0,0,4
2024,"SA","Major Cities of Australia","17-25","Police issued",44,0,0,44
2024,"SA","Major Cities of Australia","26-39","Police issued",79,0,0,79
2024,"SA","Major Cities of Australia","40-64","Police issued",52,0,0,52
2024,"SA","Major Cities of Australia","65 and over","Police issued",5,0,0,5
2024,"SA","Outer Regional Australia","26-39","Police issued",4,0,0,4
2024,"SA","Outer Regional Australia","40-64","Police issued",3,0,0,3
2024,"SA","Remote Australia","40-64","Police issued",1,0,0,1
2024,"SA","Unknown","26-39","Police issued",1,0,0,1
2024,"SA","Unknown","40-64","Police issued",2,0,0,2
2024,"SA","Very Remote Australia","65 and over","Police issued",1,0,0,1
2024,"TAS","Unknown","17-25","Camera",13,0,0,13
2024,"TAS","Unknown","17-25","Police issued",22,0,1,23
2024,"TAS","Unknown","26-39","Camera",58,0,0,58
2024,"TAS","Unknown","26-39","Police issued",52,0,3,55
2024,"TAS","Unknown","40-64","Camera",61,0,0,61
2024,"TAS","Unknown","40-64","Police issued",24,0,3,27
2024,"TAS","Unknown","65 and over","Camera",10,0,0,10
2024,"TAS","Unknown","65 and over","Police issued",5,0,0,5
2024,"VIC","Inner Regional Australia","0-16","Camera",0,0,0,0
2024,"VIC","Inner Regional Australia","0-16","Camera",0,0,0,0
2024,"VIC","Inner Regional Australia","17-25","Camera",0,0,0,0
2024,"VIC","Inner Regional Australia","17-25","Camera",22,0,0,22
2024,"VIC","Inner Regional Australia","26-39","Camera",0,0,0,0
2024,"VIC","Inner Regional Australia","26-39","Camera",120,0,0,120
2024,"VIC","Inner Regional Australia","40-64","Camera",0,0,0,0
2024,"VIC","Inner Regional Australia","40-64","Camera",168,0,0,168
2024,"VIC","Inner Regional Australia","65 and over","Camera",0,0,0,0
2024,"VIC","Inner Regional Australia","65 and over","Camera",24,0,0,24
2024,"VIC","Inner Regional Australia","Unknown","Camera",0,0,0,0
2024,"VIC","Inner Regional Australia","Unknown","Camera",147,0,0,147
2024,"VIC","Major Cities of Australia","0-16","Camera",0,0,0,0
2024,"VIC","Major Cities of Australia","0-16","Camera",0,0,0,0
2024,"VIC","Major Cities of Australia","17-25","Camera",0,0,0,0
2024,"VIC","Major Cities of Australia","17-25","Camera",311,0,0,311
2024,"VIC","Major Cities of Australia","26-39","Camera",0,0,0,0
2024,"VIC","Major Cities of Australia","26-39","Camera",1707,0,0,1707
2024,"VIC","Major Cities of Australia","40-64","Camera",0,0,0,0
2024,"VIC","Major Cities of Australia","40-64","Camera",2134,0,0,2134
2024,"VIC","Major Cities of Australia","65 and over","Camera",0,0,0,0
2024,"VIC","Major Cities of Australia","65 and over","Camera",299,0,0,299
2024,"VIC","Major Cities of Australia","Unknown","Camera",0,0,0,0
2024,"VIC","Major Cities of Australia","Unknown","Camera",1720,0,0,1720
2024,"VIC","Outer Regional Australia","0-16","Camera",0,0,0,0
2024,"VIC","Outer Regional Australia","0-16","Camera",0,0,0,0
2024,"VIC","Outer Regional Australia","17-25","Camera",0,0,0,0
2024,"VIC","Outer Regional Australia","17-25","Camera",0,0,0,0
2024,"VIC","Outer Regional Australia","26-39","Camera",0,0,0,0
2024,"VIC","Outer Regional Australia","26-39","Camera",0,0,0,0
2024,"VIC","Outer Regional Australia","40-64","Camera",0,0,0,0
2024,"VIC","Outer Regional Australia","40-64","Camera",0,0,0,0
2024,"VIC","Outer Regional Australia","65 and over","Camera",0,0,0,0
2024,"VIC","Outer Regional Australia","65 and over","Camera",0,0,0,0
2024,"VIC","Outer Regional Australia","Unknown","Camera",0,0,0,0
2024,"VIC","Outer Regional Australia","Unknown","Camera",0,0,0,0
2024,"VIC","Remote Australia","0-16","Camera",0,0,0,0
2024,"VIC","Remote Australia","0-16","Camera",0,0,0,0
2024,"VIC","Remote Australia","17-25","Camera",0,0,0,0
2024,"VIC","Remote Australia","17-25","Camera",0,0,0,0
2024,"VIC","Remote Australia","26-39","Camera",0,0,0,0
2024,"VIC","Remote Australia","26-39","Camera",0,0,0,0
2024,"VIC","Remote Australia","40-64","Camera",0,0,0,0
2024,"VIC","Remote Australia","40-64","Camera",0,0,0,0
2024,"VIC","Remote Australia","65 and over","Camera",0,0,0,0
2024,"VIC","Remote Australia","65 and over","Camera",0,0,0,0
2024,"VIC","Remote Australia","Unknown","Camera",0,0,0,0
2024,"VIC","Remote Australia","Unknown","Camera",0,0,0,0
2024,"VIC","Unknown","0-16","Camera",0,0,0,0
2024,"VIC","Unknown","0-16","Camera",0,0,0,0
2024,"VIC","Unknown","17-25","Camera",0,0,0,0
2024,"VIC","Unknown","17-25","Camera",0,0,0,0
2024,"VIC","Unknown","17-25","Police issued",286,0,0,286
2024,"VIC","Unknown","26-39","Camera",0,0,0,0
2024,"VIC","Unknown","26-39","Camera",0,0,0,0
2024,"VIC","Unknown","26-39","Police issued",659,0,0,659
2024,"VIC","Unknown","40-64","Camera",0,0,0,0
2024,"VIC","Unknown","40-64","Camera",0,0,0,0
2024,"VIC","Unknown","40-64","Police issued",537,0,0,537
2024,"VIC","Unknown","65 and over","Camera",0,0,0,0
2024,"VIC","Unknown","65 and over","Camera",0,0,0,0
2024,"VIC","Unknown","65 and over","Police issued",61,0,0,61
2024,"VIC","Unknown","Unknown","Camera",0,0,0,0
2024,"VIC","Unknown","Unknown","Camera",0,0,0,0
2024,"WA","Unknown","17-25","Police issued",86,0,0,86
2024,"WA","Unknown","17-25","Unknown",0,0,3,3
2024,"WA","Unknown","26-39","Police issued",192,0,0,192
2024,"WA","Unknown","26-39","Unknown",0,0,8,8
2024,"WA","Unknown","40-64","Police issued",114,0,0,114
2024,"WA","Unknown","40-64","Unknown",0,0,5,5
2024,"WA","Unknown","65 and over","Police issued",15,0,0,15
2024,"ACT","Major Cities of Australia","0-16","Camera",1,0,0,1
2024,"ACT","Major Cities of Australia","17-25","Camera",614,0,0,614
2024,"ACT","Major Cities of Australia","17-25","Police issued",3,0,0,3
2024,"ACT","Major Cities of Australia","26-39","Camera",1667,0,0,1667
2024,"ACT","Major Cities of Australia","26-39","Police issued",3,0,0,3
2024,"ACT","Major Cities of Australia","40-64","Camera",1537,0,0,1537
2024,"ACT","Major Cities of Australia","65 and over","Camera",160,0,0,160
2024,"ACT","Major Cities of Australia","Unknown","Camera",106,0,0,106
2024,"NSW","Inner Regional Australia","17-25","Police issued",52,0,1,53
2024,"NSW","Inner Regional Australia","26-39","Police issued",51,0,0,51
2024,"NSW","Inner Regional Australia","40-64","Police issued",51,0,0,51
2024,"NSW","Inner Regional Australia","65 and over","Police issued",4,0,0,4
2024,"NSW","Major Cities of Australia","0-16","Police issued",3,0,0,3
2024,"NSW","Major Cities of Australia","17-25","Police issued",454,0,7,461
2024,"NSW","Major Cities of Australia","26-39","Police issued",470,0,9,479
2024,"NSW","Major Cities of Australia","40-64","Police issued",293,0,5,298
2024,"NSW","Major Cities of Australia","65 and over","Police issued",28,0,1,29
2024,"NSW","Outer Regional Australia","17-25","Police issued",9,0,0,9
2024,"NSW","Outer Regional Australia","26-39","Police issued",8,0,0,8
2024,"NSW","Outer Regional Australia","40-64","Police issued",9,0,0,9
2024,"NSW","Outer Regional Australia","65 and over","Police issued",1,0,0,1
2024,"NSW","Remote Australia","26-39","Police issued",1,0,0,1
2024,"NSW","Remote Australia","40-64","Police issued",1,0,0,1
2024,"NSW","Unknown","17-25","Police issued",30,0,0,30
2024,"NSW","Unknown","26-39","Police issued",25,0,0,25
2024,"NSW","Unknown","40-64","Police issued",21,0,0,21
2024,"NSW","Unknown","Unknown","Camera",14899,0,0,14899
2024,"NT","Unknown","17-25","Police issued",1,0,0,1
2024,"NT","Unknown","26-39","Police issued",5,0,0,5
2024,"NT","Unknown","40-64","Police issued",2,0,0,2
2024,"NT","Unknown","65 and over","Police issued",2,0,0,2
2024,"QLD","Unknown","0-16","Camera",144,0,0,144
2024,"QLD","Unknown","17-25","Camera",922,0,0,922
2024,"QLD","Unknown","17-25","Police issued",59,0,0,59
2024,"QLD","Unknown","26-39","Camera",2488,0,0,2488
2024,"QLD","Unknown","26-39","Police issued",138,0,0,138
2024,"QLD","Unknown","40-64","Camera",2417,0,0,2417
2024,"QLD","Unknown","40-64","Police issued",74,0,0,74
2024,"QLD","Unknown","65 and over","Camera",310,0,0,310
2024,"QLD","Unknown","65 and over","Police issued",11,0,0,11
2024,"QLD","Unknown","Unknown","Camera",27,0,0,27
2024,"QLD","Unknown","Unknown","Police issued",1,0,0,1
2024,"SA","Inner Regional Australia","17-25","Police issued",2,0,0,2
2024,"SA","Inner Regional Australia","26-39","Police issued",2,0,0,2
2024,"SA","Inner Regional Australia","40-64","Police issued",3,0,0,3
2024,"SA","Major Cities of Australia","17-25","Police issued",34,0,0,34
2024,"SA","Major Cities of Australia","26-39","Police issued",63,0,0,63
2024,"SA","Major Cities of Australia","40-64","Police issued",46,0,0,46
2024,"SA","Major Cities of Australia","65 and over","Police issued",11,0,0,11
2024,"SA","Outer Regional Australia","17-25","Police issued",1,0,0,1
2024,"SA","Outer Regional Australia","26-39","Police issued",2,0,0,2
2024,"SA","Outer Regional Australia","40-64","Police issued",1,0,0,1
2024,"SA","Remote Australia","17-25","Police issued",1,0,0,1
2024,"SA","Remote Australia","26-39","Police issued",3,0,0,3
2024,"SA","Remote Australia","40-64","Police issued",2,0,0,2
2024,"SA","Unknown","17-25","Police issued",1,0,0,1
2024,"SA","Unknown","26-39","Police issued",1,0,0,1
2024,"SA","Unknown","40-64","Police issued",2,0,0,2
2024,"SA","Very Remote Australia","40-64","Police issued",2,0,0,2
2024,"TAS","Unknown","17-25","Camera",17,0,0,17
2024,"TAS","Unknown","17-25","Police issued",27,0,0,27
2024,"TAS","Unknown","26-39","Camera",41,0,0,41
2024,"TAS","Unknown","26-39","Police issued",38,0,0,38
2024,"TAS","Unknown","40-64","Camera",58,0,0,58
2024,"TAS","Unknown","40-64","Police issued",39,0,1,40
2024,"TAS","Unknown","65 and over","Camera",9,0,0,9
2024,"TAS","Unknown","65 and over","Police issued",10,0,0,10
2024,"VIC","Inner Regional Australia","0-16","Camera",0,0,0,0
2024,"VIC","Inner Regional Australia","0-16","Camera",0,0,0,0
2024,"VIC","Inner Regional Australia","17-25","Camera",0,0,0,0
2024,"VIC","Inner Regional Australia","17-25","Camera",3,0,0,3
2024,"VIC","Inner Regional Australia","26-39","Camera",0,0,0,0
2024,"VIC","Inner Regional Australia","26-39","Camera",35,0,0,35
2024,"VIC","Inner Regional Australia","40-64","Camera",0,0,0,0
2024,"VIC","Inner Regional Australia","40-64","Camera",59,0,0,59
2024,"VIC","Inner Regional Australia","65 and over","Camera",0,0,0,0
2024,"VIC","Inner Regional Australia","65 and over","Camera",20,0,0,20
2024,"VIC","Inner Regional Australia","Unknown","Camera",0,0,0,0
2024,"VIC","Inner Regional Australia","Unknown","Camera",32,0,0,32
2024,"VIC","Major Cities of Australia","0-16","Camera",0,0,0,0
2024,"VIC","Major Cities of Australia","0-16","Camera",0,0,0,0
2024,"VIC","Major Cities of Australia","17-25","Camera",0,0,0,0
2024,"VIC","Major Cities of Australia","17-25","Camera",242,0,0,242
2024,"VIC","Major Cities of Australia","26-39","Camera",0,0,0,0
2024,"VIC","Major Cities of Australia","26-39","Camera",1319,0,0,1319
2024,"VIC","Major Cities of Australia","40-64","Camera",0,0,0,0
2024,"VIC","Major Cities of Australia","40-64","Camera",1702,0,0,1702
2024,"VIC","Major Cities of Australia","65 and over","Camera",0,0,0,0
2024,"VIC","Major Cities of Australia","65 and over","Camera",289,0,0,289
2024,"VIC","Major Cities of Australia","Unknown","Camera",0,0,0,0
2024,"VIC","Major Cities of Australia","Unknown","Camera",1296,0,0,1296
2024,"VIC","Outer Regional Australia","0-16","Camera",0,0,0,0
2024,"VIC","Outer Regional Australia","0-16","Camera",0,0,0,0
2024,"VIC","Outer Regional Australia","17-25","Camera",0,0,0,0
2024,"VIC","Outer Regional Australia","17-25","Camera",0,0,0,0
2024,"VIC","Outer Regional Australia","26-39","Camera",0,0,0,0
2024,"VIC","Outer Regional Australia","26-39","Camera",0,0,0,0
2024,"VIC","Outer Regional Australia","40-64","Camera",0,0,0,0
2024,"VIC","Outer Regional Australia","40-64","Camera",0,0,0,0
2024,"VIC","Outer Regional Australia","65 and over","Camera",0,0,0,0
2024,"VIC","Outer Regional Australia","65 and over","Camera",0,0,0,0
2024,"VIC","Outer Regional Australia","Unknown","Camera",0,0,0,0
2024,"VIC","Outer Regional Australia","Unknown","Camera",0,0,0,0
2024,"VIC","Remote Australia","0-16","Camera",0,0,0,0
2024,"VIC","Remote Australia","0-16","Camera",0,0,0,0
2024,"VIC","Remote Australia","17-25","Camera",0,0,0,0
2024,"VIC","Remote Australia","17-25","Camera",0,0,0,0
2024,"VIC","Remote Australia","26-39","Camera",0,0,0,0
2024,"VIC","Remote Australia","26-39","Camera",0,0,0,0
2024,"VIC","Remote Australia","40-64","Camera",0,0,0,0
2024,"VIC","Remote Australia","40-64","Camera",0,0,0,0
2024,"VIC","Remote Australia","65 and over","Camera",0,0,0,0
2024,"VIC","Remote Australia","65 and over","Camera",0,0,0,0
2024,"VIC","Remote Australia","Unknown","Camera",0,0,0,0
2024,"VIC","Remote Australia","Unknown","Camera",0,0,0,0
2024,"VIC","Unknown","0-16","Camera",0,0,0,0
2024,"VIC","Unknown","0-16","Camera",0,0,0,0
2024,"VIC","Unknown","17-25","Camera",0,0,0,0
2024,"VIC","Unknown","17-25","Camera",0,0,0,0
2024,"VIC","Unknown","17-25","Police issued",305,0,0,305
2024,"VIC","Unknown","26-39","Camera",0,0,0,0
2024,"VIC","Unknown","26-39","Camera",0,0,0,0
2024,"VIC","Unknown","26-39","Police issued",650,0,0,650
2024,"VIC","Unknown","40-64","Camera",0,0,0,0
2024,"VIC","Unknown","40-64","Camera",0,0,0,0
2024,"VIC","Unknown","40-64","Police issued",516,0,0,516
2024,"VIC","Unknown","65 and over","Camera",0,0,0,0
2024,"VIC","Unknown","65 and over","Camera",0,0,0,0
2024,"VIC","Unknown","65 and over","Police issued",55,0,0,55
2024,"VIC","Unknown","Unknown","Camera",0,0,0,0
2024,"VIC","Unknown","Unknown","Camera",0,0,0,0
2024,"VIC","Unknown","Unknown","Police issued",1,0,0,1
2024,"WA","Unknown","17-25","Police issued",61,0,0,61
2024,"WA","Unknown","17-25","Unknown",0,0,5,5
2024,"WA","Unknown","26-39","Police issued",124,0,0,124
2024,"WA","Unknown","26-39","Unknown",0,0,8,8
2024,"WA","Unknown","40-64","Police issued",63,0,0,63
2024,"WA","Unknown","40-64","Unknown",0,0,7,7
2024,"WA","Unknown","65 and over","Police issued",11,0,0,11
2024,"WA","Unknown","65 and over","Unknown",0,0,1,1
2024,"ACT","Major Cities of Australia","0-16","Police issued",2,0,0,2
2024,"ACT","Major Cities of Australia","17-25","Camera",485,0,0,485
2024,"ACT","Major Cities of Australia","17-25","Police issued",5,0,0,5
2024,"ACT","Major Cities of Australia","26-39","Camera",1394,0,0,1394
2024,"ACT","Major Cities of Australia","26-39","Police issued",6,0,0,6
2024,"ACT","Major Cities of Australia","40-64","Camera",1309,0,0,1309
2024,"ACT","Major Cities of Australia","40-64","Police issued",7,0,0,7
2024,"ACT","Major Cities of Australia","65 and over","Camera",128,0,0,128
2024,"ACT","Major Cities of Australia","Unknown","Camera",89,0,0,89
2024,"NSW","Inner Regional Australia","17-25","Police issued",46,0,1,47
2024,"NSW","Inner Regional Australia","26-39","Police issued",68,0,0,68
2024,"NSW","Inner Regional Australia","40-64","Police issued",47,0,0,47
2024,"NSW","Inner Regional Australia","65 and over","Police issued",2,0,0,2
2024,"NSW","Major Cities of Australia","0-16","Police issued",4,0,0,4
2024,"NSW","Major Cities of Australia","17-25","Police issued",392,0,2,394
2024,"NSW","Major Cities of Australia","26-39","Police issued",357,0,2,359
2024,"NSW","Major Cities of Australia","40-64","Police issued",270,0,2,272
2024,"NSW","Major Cities of Australia","65 and over","Police issued",35,0,0,35
2024,"NSW","Outer Regional Australia","17-25","Police issued",10,0,1,11
2024,"NSW","Outer Regional Australia","26-39","Police issued",6,0,0,6
2024,"NSW","Outer Regional Australia","40-64","Police issued",11,0,1,12
2024,"NSW","Outer Regional Australia","65 and over","Police issued",3,0,0,3
2024,"NSW","Remote Australia","26-39","Police issued",1,0,0,1
2024,"NSW","Unknown","17-25","Police issued",2,0,0,2
2024,"NSW","Unknown","26-39","Police issued",2,0,0,2
2024,"NSW","Unknown","40-64","Police issued",1,0,0,1
2024,"NSW","Unknown","65 and over","Police issued",1,0,0,1
2024,"NSW","Unknown","Unknown","Camera",13171,0,0,13171
2024,"NT","Unknown","17-25","Police issued",8,0,0,8
2024,"NT","Unknown","26-39","Police issued",15,0,1,16
2024,"NT","Unknown","40-64","Police issued",9,0,0,9
2024,"QLD","Unknown","0-16","Camera",152,0,0,152
2024,"QLD","Unknown","17-25","Camera",756,0,0,756
2024,"QLD","Unknown","17-25","Police issued",51,0,0,51
2024,"QLD","Unknown","26-39","Camera",2275,0,0,2275
2024,"QLD","Unknown","26-39","Police issued",103,0,0,103
2024,"QLD","Unknown","40-64","Camera",2422,0,0,2422
2024,"QLD","Unknown","40-64","Police issued",60,0,0,60
2024,"QLD","Unknown","65 and over","Camera",308,0,0,308
2024,"QLD","Unknown","65 and over","Police issued",5,0,0,5
2024,"QLD","Unknown","Unknown","Camera",19,0,0,19
2024,"SA","Inner Regional Australia","17-25","Police issued",1,0,0,1
2024,"SA","Inner Regional Australia","40-64","Police issued",1,0,0,1
2024,"SA","Major Cities of Australia","17-25","Police issued",34,0,0,34
2024,"SA","Major Cities of Australia","26-39","Police issued",55,0,0,55
2024,"SA","Major Cities of Australia","40-64","Police issued",48,0,0,48
2024,"SA","Major Cities of Australia","65 and over","Police issued",10,0,0,10
2024,"SA","Outer Regional Australia","17-25","Police issued",3,0,0,3
2024,"SA","Outer Regional Australia","26-39","Police issued",2,0,0,2
2024,"SA","Outer Regional Australia","40-64","Police issued",2,0,0,2
2024,"SA","Unknown","40-64","Police issued",1,0,0,1
2024,"SA","Very Remote Australia","40-64","Police issued",2,0,0,2
2024,"TAS","Unknown","17-25","Camera",16,0,0,16
2024,"TAS","Unknown","17-25","Police issued",32,0,1,33
2024,"TAS","Unknown","26-39","Camera",48,0,0,48
2024,"TAS","Unknown","26-39","Police issued",40,0,0,40
2024,"TAS","Unknown","40-64","Camera",54,0,0,54
2024,"TAS","Unknown","40-64","Police issued",32,0,0,32
2024,"TAS","Unknown","65 and over","Camera",5,0,0,5
2024,"TAS","Unknown","65 and over","Police issued",1,0,0,1
2024,"VIC","Inner Regional Australia","0-16","Camera",0,0,0,0
2024,"VIC","Inner Regional Australia","0-16","Camera",0,0,0,0
2024,"VIC","Inner Regional Australia","17-25","Camera",0,0,0,0
2024,"VIC","Inner Regional Australia","17-25","Camera",65,0,0,65
2024,"VIC","Inner Regional Australia","26-39","Camera",0,0,0,0
2024,"VIC","Inner Regional Australia","26-39","Camera",237,0,0,237
2024,"VIC","Inner Regional Australia","40-64","Camera",0,0,0,0
2024,"VIC","Inner Regional Australia","40-64","Camera",378,0,0,378
2024,"VIC","Inner Regional Australia","65 and over","Camera",0,0,0,0
2024,"VIC","Inner Regional Australia","65 and over","Camera",42,0,0,42
2024,"VIC","Inner Regional Australia","Unknown","Camera",0,0,0,0
2024,"VIC","Inner Regional Australia","Unknown","Camera",240,0,0,240
2024,"VIC","Major Cities of Australia","0-16","Camera",0,0,0,0
2024,"VIC","Major Cities of Australia","0-16","Camera",0,0,0,0
2024,"VIC","Major Cities of Australia","17-25","Camera",0,0,0,0
2024,"VIC","Major Cities of Australia","17-25","Camera",215,0,0,215
2024,"VIC","Major Cities of Australia","26-39","Camera",0,0,0,0
2024,"VIC","Major Cities of Australia","26-39","Camera",1104,0,0,1104
2024,"VIC","Major Cities of Australia","40-64","Camera",0,0,0,0
2024,"VIC","Major Cities of Australia","40-64","Camera",1401,0,0,1401
2024,"VIC","Major Cities of Australia","65 and over","Camera",0,0,0,0
2024,"VIC","Major Cities of Australia","65 and over","Camera",242,0,0,242
2024,"VIC","Major Cities of Australia","Unknown","Camera",0,0,0,0
2024,"VIC","Major Cities of Australia","Unknown","Camera",1018,0,0,1018
2024,"VIC","Outer Regional Australia","0-16","Camera",0,0,0,0
2024,"VIC","Outer Regional Australia","0-16","Camera",0,0,0,0
2024,"VIC","Outer Regional Australia","17-25","Camera",0,0,0,0
2024,"VIC","Outer Regional Australia","17-25","Camera",0,0,0,0
2024,"VIC","Outer Regional Australia","26-39","Camera",0,0,0,0
2024,"VIC","Outer Regional Australia","26-39","Camera",0,0,0,0
2024,"VIC","Outer Regional Australia","40-64","Camera",0,0,0,0
2024,"VIC","Outer Regional Australia","40-64","Camera",0,0,0,0
2024,"VIC","Outer Regional Australia","65 and over","Camera",0,0,0,0
2024,"VIC","Outer Regional Australia","65 and over","Camera",0,0,0,0
2024,"VIC","Outer Regional Australia","Unknown","Camera",0,0,0,0
2024,"VIC","Outer Regional Australia","Unknown","Camera",0,0,0,0
2024,"VIC","Remote Australia","0-16","Camera",0,0,0,0
2024,"VIC","Remote Australia","0-16","Camera",0,0,0,0
2024,"VIC","Remote Australia","17-25","Camera",0,0,0,0
2024,"VIC","Remote Australia","17-25","Camera",0,0,0,0
2024,"VIC","Remote Australia","26-39","Camera",0,0,0,0
2024,"VIC","Remote Australia","26-39","Camera",0,0,0,0
2024,"VIC","Remote Australia","40-64","Camera",0,0,0,0
2024,"VIC","Remote Australia","40-64","Camera",0,0,0,0
2024,"VIC","Remote Australia","65 and over","Camera",0,0,0,0
2024,"VIC","Remote Australia","65 and over","Camera",0,0,0,0
2024,"VIC","Remote Australia","Unknown","Camera",0,0,0,0
2024,"VIC","Remote Australia","Unknown","Camera",0,0,0,0
2024,"VIC","Unknown","0-16","Camera",0,0,0,0
2024,"VIC","Unknown","0-16","Camera",0,0,0,0
2024,"VIC","Unknown","17-25","Camera",0,0,0,0
2024,"VIC","Unknown","17-25","Camera",0,0,0,0
2024,"VIC","Unknown","17-25","Police issued",245,0,0,245
2024,"VIC","Unknown","26-39","Camera",0,0,0,0
2024,"VIC","Unknown","26-39","Camera",0,0,0,0
2024,"VIC","Unknown","26-39","Police issued",632,0,0,632
2024,"VIC","Unknown","40-64","Camera",0,0,0,0
2024,"VIC","Unknown","40-64","Camera",0,0,0,0
2024,"VIC","Unknown","40-64","Police issued",494,0,0,494
2024,"VIC","Unknown","65 and over","Camera",0,0,0,0
2024,"VIC","Unknown","65 and over","Camera",0,0,0,0
2024,"VIC","Unknown","65 and over","Police issued",60,0,0,60
2024,"VIC","Unknown","Unknown","Camera",0,0,0,0
2024,"VIC","Unknown","Unknown","Camera",0,0,0,0
2024,"VIC","Unknown","Unknown","Police issued",1,0,0,1
2024,"WA","Unknown","17-25","Police issued",69,0,0,69
2024,"WA","Unknown","17-25","Unknown",0,0,4,4
2024,"WA","Unknown","26-39","Police issued",147,0,0,147
2024,"WA","Unknown","26-39","Unknown",0,1,5,6
2024,"WA","Unknown","40-64","Police issued",101,0,0,101
2024,"WA","Unknown","40-64","Unknown",0,0,5,5
2024,"WA","Unknown","65 and over","Police issued",19,0,0,19
2024,"ACT","Major Cities of Australia","0-16","Camera",1,0,0,1
2024,"ACT","Major Cities of Australia","17-25","Camera",406,0,0,406
2024,"ACT","Major Cities of Australia","17-25","Police issued",5,0,0,5
2024,"ACT","Major Cities of Australia","26-39","Camera",1221,0,0,1221
2024,"ACT","Major Cities of Australia","26-39","Police issued",5,0,0,5
2024,"ACT","Major Cities of Australia","40-64","Camera",1212,0,0,1212
2024,"ACT","Major Cities of Australia","40-64","Police issued",4,0,1,5
2024,"ACT","Major Cities of Australia","65 and over","Camera",119,0,0,119
2024,"ACT","Major Cities of Australia","Unknown","Camera",63,0,0,63
2024,"NSW","Inner Regional Australia","17-25","Police issued",38,0,1,39
2024,"NSW","Inner Regional Australia","26-39","Police issued",40,0,0,40
2024,"NSW","Inner Regional Australia","40-64","Police issued",31,0,1,32
2024,"NSW","Inner Regional Australia","65 and over","Police issued",7,0,0,7
2024,"NSW","Major Cities of Australia","0-16","Police issued",1,0,0,1
2024,"NSW","Major Cities of Australia","17-25","Police issued",376,0,9,385
2024,"NSW","Major Cities of Australia","26-39","Police issued",376,0,6,382
2024,"NSW","Major Cities of Australia","40-64","Police issued",241,0,0,241
2024,"NSW","Major Cities of Australia","65 and over","Police issued",33,0,0,33
2024,"NSW","Outer Regional Australia","0-16","Police issued",1,0,0,1
2024,"NSW","Outer Regional Australia","17-25","Police issued",4,0,0,4
2024,"NSW","Outer Regional Australia","26-39","Police issued",13,0,0,13
2024,"NSW","Outer Regional Australia","40-64","Police issued",5,0,0,5
2024,"NSW","Outer Regional Australia","65 and over","Police issued",1,0,0,1
2024,"NSW","Remote Australia","17-25","Police issued",1,0,0,1
2024,"NSW","Unknown","17-25","Police issued",18,0,0,18
2024,"NSW","Unknown","26-39","Police issued",12,0,0,12
2024,"NSW","Unknown","40-64","Police issued",11,0,0,11
2024,"NSW","Unknown","65 and over","Police issued",1,0,0,1
2024,"NSW","Unknown","Unknown","Camera",13070,0,0,13070
2024,"NT","Unknown","17-25","Police issued",4,0,0,4
2024,"NT","Unknown","26-39","Police issued",12,0,0,12
2024,"NT","Unknown","40-64","Police issued",4,0,1,5
2024,"NT","Unknown","65 and over","Police issued",3,0,0,3
2024,"QLD","Unknown","0-16","Camera",144,0,0,144
2024,"QLD","Unknown","17-25","Camera",768,0,0,768
2024,"QLD","Unknown","17-25","Police issued",64,0,0,64
2024,"QLD","Unknown","26-39","Camera",2270,0,0,2270
2024,"QLD","Unknown","26-39","Police issued",111,0,0,111
2024,"QLD","Unknown","40-64","Camera",2410,0,0,2410
2024,"QLD","Unknown","40-64","Police issued",80,0,0,80
2024,"QLD","Unknown","65 and over","Camera",290,0,0,290
2024,"QLD","Unknown","65 and over","Police issued",10,0,0,10
2024,"QLD","Unknown","Unknown","Camera",19,0,0,19
2024,"SA","Inner Regional Australia","17-25","Police issued",1,0,0,1
2024,"SA","Inner Regional Australia","40-64","Police issued",1,0,0,1
2024,"SA","Inner Regional Australia","65 and over","Police issued",2,0,0,2
2024,"SA","Major Cities of Australia","17-25","Police issued",40,0,0,40
2024,"SA","Major Cities of Australia","26-39","Police issued",46,0,0,46
2024,"SA","Major Cities of Australia","40-64","Police issued",31,0,0,31
2024,"SA","Major Cities of Australia","65 and over","Police issued",8,0,0,8
2024,"SA","Outer Regional Australia","40-64","Police issued",2,0,0,2
2024,"SA","Remote Australia","26-39","Police issued",1,0,0,1
2024,"SA","Unknown","17-25","Police issued",1,0,0,1
2024,"SA","Unknown","26-39","Police issued",1,0,0,1
2024,"SA","Unknown","40-64","Police issued",3,0,0,3
2024,"SA","Very Remote Australia","17-25","Police issued",1,0,0,1
2024,"SA","Very Remote Australia","26-39","Police issued",1,0,0,1
2024,"SA","Very Remote Australia","40-64","Police issued",2,0,0,2
2024,"TAS","Unknown","17-25","Camera",9,0,0,9
2024,"TAS","Unknown","17-25","Police issued",16,0,0,16
2024,"TAS","Unknown","26-39","Camera",25,0,0,25
2024,"TAS","Unknown","26-39","Police issued",37,0,2,39
2024,"TAS","Unknown","40-64","Camera",29,0,0,29
2024,"TAS","Unknown","40-64","Police issued",23,0,1,24
2024,"TAS","Unknown","65 and over","Camera",3,0,0,3
2024,"TAS","Unknown","65 and over","Police issued",7,0,0,7
2024,"VIC","Inner Regional Australia","0-16","Camera",0,0,0,0
2024,"VIC","Inner Regional Australia","0-16","Camera",0,0,0,0
2024,"VIC","Inner Regional Australia","17-25","Camera",0,0,0,0
2024,"VIC","Inner Regional Australia","17-25","Camera",25,0,0,25
2024,"VIC","Inner Regional Australia","26-39","Camera",0,0,0,0
2024,"VIC","Inner Regional Australia","26-39","Camera",114,0,0,114
2024,"VIC","Inner Regional Australia","40-64","Camera",0,0,0,0
2024,"VIC","Inner Regional Australia","40-64","Camera",195,0,0,195
2024,"VIC","Inner Regional Australia","65 and over","Camera",0,0,0,0
2024,"VIC","Inner Regional Australia","65 and over","Camera",36,0,0,36
2024,"VIC","Inner Regional Australia","Unknown","Camera",0,0,0,0
2024,"VIC","Inner Regional Australia","Unknown","Camera",131,0,0,131
2024,"VIC","Major Cities of Australia","0-16","Camera",0,0,0,0
2024,"VIC","Major Cities of Australia","0-16","Camera",0,0,0,0
2024,"VIC","Major Cities of Australia","17-25","Camera",0,0,0,0
2024,"VIC","Major Cities of Australia","17-25","Camera",231,0,0,231
2024,"VIC","Major Cities of Australia","26-39","Camera",0,0,0,0
2024,"VIC","Major Cities of Australia","26-39","Camera",1198,0,0,1198
2024,"VIC","Major Cities of Australia","40-64","Camera",0,0,0,0
2024,"VIC","Major Cities of Australia","40-64","Camera",1519,0,0,1519
2024,"VIC","Major Cities of Australia","65 and over","Camera",0,0,0,0
2024,"VIC","Major Cities of Australia","65 and over","Camera",260,0,0,260
2024,"VIC","Major Cities of Australia","Unknown","Camera",0,0,0,0
2024,"VIC","Major Cities of Australia","Unknown","Camera",1222,0,0,1222
2024,"VIC","Outer Regional Australia","0-16","Camera",0,0,0,0
2024,"VIC","Outer Regional Australia","0-16","Camera",0,0,0,0
2024,"VIC","Outer Regional Australia","17-25","Camera",0,0,0,0
2024,"VIC","Outer Regional Australia","17-25","Camera",0,0,0,0
2024,"VIC","Outer Regional Australia","26-39","Camera",0,0,0,0
2024,"VIC","Outer Regional Australia","26-39","Camera",0,0,0,0
2024,"VIC","Outer Regional Australia","40-64","Camera",0,0,0,0
2024,"VIC","Outer Regional Australia","40-64","Camera",0,0,0,0
2024,"VIC","Outer Regional Australia","65 and over","Camera",0,0,0,0
2024,"VIC","Outer Regional Australia","65 and over","Camera",0,0,0,0
2024,"VIC","Outer Regional Australia","Unknown","Camera",0,0,0,0
2024,"VIC","Outer Regional Australia","Unknown","Camera",0,0,0,0
2024,"VIC","Remote Australia","0-16","Camera",0,0,0,0
2024,"VIC","Remote Australia","0-16","Camera",0,0,0,0
2024,"VIC","Remote Australia","17-25","Camera",0,0,0,0
2024,"VIC","Remote Australia","17-25","Camera",0,0,0,0
2024,"VIC","Remote Australia","26-39","Camera",0,0,0,0
2024,"VIC","Remote Australia","26-39","Camera",0,0,0,0
2024,"VIC","Remote Australia","40-64","Camera",0,0,0,0
2024,"VIC","Remote Australia","40-64","Camera",0,0,0,0
2024,"VIC","Remote Australia","65 and over","Camera",0,0,0,0
2024,"VIC","Remote Australia","65 and over","Camera",0,0,0,0
2024,"VIC","Remote Australia","Unknown","Camera",0,0,0,0
2024,"VIC","Remote Australia","Unknown","Camera",0,0,0,0
2024,"VIC","Unknown","0-16","Camera",0,0,0,0
2024,"VIC","Unknown","0-16","Camera",0,0,0,0
2024,"VIC","Unknown","0-16","Police issued",1,0,0,1
2024,"VIC","Unknown","17-25","Camera",0,0,0,0
2024,"VIC","Unknown","17-25","Camera",0,0,0,0
2024,"VIC","Unknown","17-25","Police issued",253,0,0,253
2024,"VIC","Unknown","26-39","Camera",0,0,0,0
2024,"VIC","Unknown","26-39","Camera",0,0,0,0
2024,"VIC","Unknown","26-39","Police issued",635,0,0,635
2024,"VIC","Unknown","40-64","Camera",0,0,0,0
2024,"VIC","Unknown","40-64","Camera",0,0,0,0
2024,"VIC","Unknown","40-64","Police issued",534,0,0,534
2024,"VIC","Unknown","65 and over","Camera",0,0,0,0
2024,"VIC","Unknown","65 and over","Camera",0,0,0,0
2024,"VIC","Unknown","65 and over","Police issued",68,0,0,68
2024,"VIC","Unknown","Unknown","Camera",0,0,0,0
2024,"VIC","Unknown","Unknown","Camera",0,0,0,0
2024,"WA","Unknown","17-25","Police issued",110,0,0,110
2024,"WA","Unknown","17-25","Unknown",0,0,3,3
2024,"WA","Unknown","26-39","Police issued",236,0,0,236
2024,"WA","Unknown","26-39","Unknown",0,0,2,2
2024,"WA","Unknown","40-64","Police issued",161,0,0,161
2024,"WA","Unknown","40-64","Unknown",0,0,3,3
2024,"WA","Unknown","65 and over","Police issued",14,0,0,14
2024,"ACT","Major Cities of Australia","17-25","Camera",307,0,0,307
2024,"ACT","Major Cities of Australia","17-25","Police issued",1,0,0,1
2024,"ACT","Major Cities of Australia","26-39","Camera",1058,0,0,1058
2024,"ACT","Major Cities of Australia","26-39","Police issued",2,0,0,2
2024,"ACT","Major Cities of Australia","40-64","Camera",1056,0,0,1056
2024,"ACT","Major Cities of Australia","40-64","Police issued",2,0,0,2
2024,"ACT","Major Cities of Australia","65 and over","Camera",123,0,0,123
2024,"ACT","Major Cities of Australia","Unknown","Camera",72,0,0,72
2024,"NSW","Inner Regional Australia","0-16","Police issued",1,0,0,1
2024,"NSW","Inner Regional Australia","17-25","Police issued",54,0,0,54
2024,"NSW","Inner Regional Australia","26-39","Police issued",54,0,0,54
2024,"NSW","Inner Regional Australia","40-64","Police issued",37,0,1,38
2024,"NSW","Inner Regional Australia","65 and over","Police issued",11,0,0,11
2024,"NSW","Major Cities of Australia","0-16","Police issued",2,0,0,2
2024,"NSW","Major Cities of Australia","17-25","Police issued",404,0,12,416
2024,"NSW","Major Cities of Australia","26-39","Police issued",383,0,1,384
2024,"NSW","Major Cities of Australia","40-64","Police issued",259,0,2,261
2024,"NSW","Major Cities of Australia","65 and over","Police issued",26,0,1,27
2024,"NSW","Outer Regional Australia","17-25","Police issued",5,0,0,5
2024,"NSW","Outer Regional Australia","26-39","Police issued",12,0,0,12
2024,"NSW","Outer Regional Australia","40-64","Police issued",8,0,0,8
2024,"NSW","Outer Regional Australia","65 and over","Police issued",1,0,0,1
2024,"NSW","Remote Australia","17-25","Police issued",1,0,0,1
2024,"NSW","Remote Australia","40-64","Police issued",1,0,0,1
2024,"NSW","Remote Australia","65 and over","Police issued",1,0,0,1
2024,"NSW","Unknown","17-25","Police issued",4,0,0,4
2024,"NSW","Unknown","26-39","Police issued",4,0,0,4
2024,"NSW","Unknown","Unknown","Camera",11704,0,0,11704
2024,"NT","Unknown","17-25","Police issued",2,0,0,2
2024,"NT","Unknown","26-39","Police issued",8,0,0,8
2024,"NT","Unknown","40-64","Police issued",12,0,0,12
2024,"NT","Unknown","65 and over","Police issued",2,0,0,2
2024,"QLD","Unknown","0-16","Camera",168,0,0,168
2024,"QLD","Unknown","17-25","Camera",780,0,0,780
2024,"QLD","Unknown","17-25","Police issued",45,0,0,45
2024,"QLD","Unknown","26-39","Camera",2234,0,0,2234
2024,"QLD","Unknown","26-39","Police issued",86,0,0,86
2024,"QLD","Unknown","40-64","Camera",2335,0,0,2335
2024,"QLD","Unknown","40-64","Police issued",62,0,0,62
2024,"QLD","Unknown","65 and over","Camera",326,0,0,326
2024,"QLD","Unknown","65 and over","Police issued",7,0,0,7
2024,"QLD","Unknown","Unknown","Camera",18,0,0,18
2024,"SA","Inner Regional Australia","17-25","Police issued",21,0,0,21
2024,"SA","Inner Regional Australia","26-39","Police issued",41,0,0,41
2024,"SA","Inner Regional Australia","40-64","Police issued",41,0,0,41
2024,"SA","Inner Regional Australia","65 and over","Police issued",4,0,0,4
2024,"SA","Major Cities of Australia","0-16","Police issued",1,0,0,1
2024,"SA","Major Cities of Australia","17-25","Police issued",485,0,0,485
2024,"SA","Major Cities of Australia","26-39","Police issued",784,0,0,784
2024,"SA","Major Cities of Australia","40-64","Police issued",666,0,0,666
2024,"SA","Major Cities of Australia","65 and over","Police issued",97,0,0,97
2024,"SA","Major Cities of Australia","Unknown","Police issued",2,0,0,2
2024,"SA","Outer Regional Australia","17-25","Police issued",25,0,0,25
2024,"SA","Outer Regional Australia","26-39","Police issued",42,0,0,42
2024,"SA","Outer Regional Australia","40-64","Police issued",46,0,0,46
2024,"SA","Outer Regional Australia","65 and over","Police issued",4,0,0,4
2024,"SA","Remote Australia","17-25","Police issued",5,0,0,5
2024,"SA","Remote Australia","26-39","Police issued",8,0,0,8
2024,"SA","Remote Australia","40-64","Police issued",9,0,0,9
2024,"SA","Remote Australia","65 and over","Police issued",3,0,0,3
2024,"SA","Unknown","17-25","Police issued",13,0,0,13
2024,"SA","Unknown","26-39","Police issued",12,0,0,12
2024,"SA","Unknown","40-64","Police issued",6,0,0,6
2024,"SA","Unknown","65 and over","Police issued",2,0,0,2
2024,"SA","Very Remote Australia","17-25","Police issued",2,0,0,2
2024,"SA","Very Remote Australia","26-39","Police issued",6,0,0,6
2024,"SA","Very Remote Australia","40-64","Police issued",2,0,0,2
2024,"SA","Very Remote Australia","65 and over","Police issued",1,0,0,1
2024,"TAS","Unknown","17-25","Camera",3,0,0,3
2024,"TAS","Unknown","17-25","Police issued",19,0,2,21
2024,"TAS","Unknown","26-39","Camera",18,0,0,18
2024,"TAS","Unknown","26-39","Police issued",32,0,0,32
2024,"TAS","Unknown","40-64","Camera",20,0,0,20
2024,"TAS","Unknown","40-64","Police issued",18,0,0,18
2024,"TAS","Unknown","65 and over","Camera",2,0,0,2
2024,"TAS","Unknown","65 and over","Police issued",7,0,0,7
2024,"VIC","Inner Regional Australia","0-16","Camera",0,0,0,0
2024,"VIC","Inner Regional Australia","0-16","Camera",0,0,0,0
2024,"VIC","Inner Regional Australia","17-25","Camera",0,0,0,0
2024,"VIC","Inner Regional Australia","17-25","Camera",17,0,0,17
2024,"VIC","Inner Regional Australia","26-39","Camera",0,0,0,0
2024,"VIC","Inner Regional Australia","26-39","Camera",74,0,0,74
2024,"VIC","Inner Regional Australia","40-64","Camera",0,0,0,0
2024,"VIC","Inner Regional Australia","40-64","Camera",120,0,0,120
2024,"VIC","Inner Regional Australia","65 and over","Camera",0,0,0,0
2024,"VIC","Inner Regional Australia","65 and over","Camera",32,0,0,32
2024,"VIC","Inner Regional Australia","Unknown","Camera",0,0,0,0
2024,"VIC","Inner Regional Australia","Unknown","Camera",101,0,0,101
2024,"VIC","Major Cities of Australia","0-16","Camera",0,0,0,0
2024,"VIC","Major Cities of Australia","0-16","Camera",0,0,0,0
2024,"VIC","Major Cities of Australia","17-25","Camera",0,0,0,0
2024,"VIC","Major Cities of Australia","17-25","Camera",170,0,0,170
2024,"VIC","Major Cities of Australia","26-39","Camera",0,0,0,0
2024,"VIC","Major Cities of Australia","26-39","Camera",841,0,0,841
2024,"VIC","Major Cities of Australia","40-64","Camera",0,0,0,0
2024,"VIC","Major Cities of Australia","40-64","Camera",1104,0,0,1104
2024,"VIC","Major Cities of Australia","65 and over","Camera",0,0,0,0
2024,"VIC","Major Cities of Australia","65 and over","Camera",206,0,0,206
2024,"VIC","Major Cities of Australia","Unknown","Camera",0,0,0,0
2024,"VIC","Major Cities of Australia","Unknown","Camera",755,0,0,755
2024,"VIC","Outer Regional Australia","0-16","Camera",0,0,0,0
2024,"VIC","Outer Regional Australia","0-16","Camera",0,0,0,0
2024,"VIC","Outer Regional Australia","17-25","Camera",0,0,0,0
2024,"VIC","Outer Regional Australia","17-25","Camera",0,0,0,0
2024,"VIC","Outer Regional Australia","26-39","Camera",0,0,0,0
2024,"VIC","Outer Regional Australia","26-39","Camera",0,0,0,0
2024,"VIC","Outer Regional Australia","40-64","Camera",0,0,0,0
2024,"VIC","Outer Regional Australia","40-64","Camera",0,0,0,0
2024,"VIC","Outer Regional Australia","65 and over","Camera",0,0,0,0
2024,"VIC","Outer Regional Australia","65 and over","Camera",0,0,0,0
2024,"VIC","Outer Regional Australia","Unknown","Camera",0,0,0,0
2024,"VIC","Outer Regional Australia","Unknown","Camera",0,0,0,0
2024,"VIC","Remote Australia","0-16","Camera",0,0,0,0
2024,"VIC","Remote Australia","0-16","Camera",0,0,0,0
2024,"VIC","Remote Australia","17-25","Camera",0,0,0,0
2024,"VIC","Remote Australia","17-25","Camera",0,0,0,0
2024,"VIC","Remote Australia","26-39","Camera",0,0,0,0
2024,"VIC","Remote Australia","26-39","Camera",0,0,0,0
2024,"VIC","Remote Australia","40-64","Camera",0,0,0,0
2024,"VIC","Remote Australia","40-64","Camera",0,0,0,0
2024,"VIC","Remote Australia","65 and over","Camera",0,0,0,0
2024,"VIC","Remote Australia","65 and over","Camera",0,0,0,0
2024,"VIC","Remote Australia","Unknown","Camera",0,0,0,0
2024,"VIC","Remote Australia","Unknown","Camera",0,0,0,0
2024,"VIC","Unknown","0-16","Camera",0,0,0,0
2024,"VIC","Unknown","0-16","Camera",0,0,0,0
2024,"VIC","Unknown","0-16","Police issued",1,0,0,1
2024,"VIC","Unknown","17-25","Camera",0,0,0,0
2024,"VIC","Unknown","17-25","Camera",0,0,0,0
2024,"VIC","Unknown","17-25","Police issued",186,0,0,186
2024,"VIC","Unknown","26-39","Camera",0,0,0,0
2024,"VIC","Unknown","26-39","Camera",0,0,0,0
2024,"VIC","Unknown","26-39","Police issued",518,0,0,518
2024,"VIC","Unknown","40-64","Camera",0,0,0,0
2024,"VIC","Unknown","40-64","Camera",0,0,0,0
2024,"VIC","Unknown","40-64","Police issued",435,0,0,435
2024,"VIC","Unknown","65 and over","Camera",0,0,0,0
2024,"VIC","Unknown","65 and over","Camera",0,0,0,0
2024,"VIC","Unknown","65 and over","Police issued",44,0,0,44
2024,"VIC","Unknown","Unknown","Camera",0,0,0,0
2024,"VIC","Unknown","Unknown","Camera",0,0,0,0
2024,"WA","Unknown","0-16","Unknown",0,0,1,1
2024,"WA","Unknown","17-25","Police issued",64,0,0,64
2024,"WA","Unknown","17-25","Unknown",0,0,5,5
2024,"WA","Unknown","26-39","Police issued",134,0,0,134
2024,"WA","Unknown","26-39","Unknown",0,0,6,6
2024,"WA","Unknown","40-64","Police issued",76,0,0,76
2024,"WA","Unknown","40-64","Unknown",0,0,6,6
2024,"WA","Unknown","65 and over","Police issued",15,0,0,15
2024,"ACT","Major Cities of Australia","17-25","Camera",309,0,0,309
2024,"ACT","Major Cities of Australia","17-25","Police issued",6,0,0,6
2024,"ACT","Major Cities of Australia","26-39","Camera",1082,0,0,1082
2024,"ACT","Major Cities of Australia","26-39","Police issued",4,1,1,6
2024,"ACT","Major Cities of Australia","40-64","Camera",922,0,0,922
2024,"ACT","Major Cities of Australia","40-64","Police issued",6,0,1,7
2024,"ACT","Major Cities of Australia","65 and over","Camera",134,0,0,134
2024,"ACT","Major Cities of Australia","Unknown","Camera",59,0,0,59
2024,"NSW","Inner Regional Australia","0-16","Police issued",0,0,1,1
2024,"NSW","Inner Regional Australia","17-25","Police issued",40,0,1,41
2024,"NSW","Inner Regional Australia","26-39","Police issued",47,0,1,48
2024,"NSW","Inner Regional Australia","40-64","Police issued",16,0,0,16
2024,"NSW","Inner Regional Australia","65 and over","Police issued",2,0,0,2
2024,"NSW","Major Cities of Australia","0-16","Police issued",0,0,3,3
2024,"NSW","Major Cities of Australia","17-25","Police issued",324,0,3,327
2024,"NSW","Major Cities of Australia","26-39","Police issued",322,0,3,325
2024,"NSW","Major Cities of Australia","40-64","Police issued",258,0,5,263
2024,"NSW","Major Cities of Australia","65 and over","Police issued",25,0,0,25
2024,"NSW","Outer Regional Australia","17-25","Police issued",6,0,2,8
2024,"NSW","Outer Regional Australia","26-39","Police issued",6,0,0,6
2024,"NSW","Outer Regional Australia","40-64","Police issued",7,0,0,7
2024,"NSW","Remote Australia","40-64","Police issued",1,0,0,1
2024,"NSW","Unknown","17-25","Police issued",5,0,0,5
2024,"NSW","Unknown","26-39","Police issued",13,0,0,13
2024,"NSW","Unknown","40-64","Police issued",4,0,0,4
2024,"NSW","Unknown","Unknown","Camera",11325,0,0,11325
2024,"NSW","Very Remote Australia","40-64","Police issued",1,0,0,1
2024,"NT","Unknown","17-25","Police issued",3,0,1,4
2024,"NT","Unknown","26-39","Police issued",8,0,0,8
2024,"NT","Unknown","40-64","Police issued",8,0,1,9
2024,"QLD","Unknown","0-16","Camera",170,0,0,170
2024,"QLD","Unknown","17-25","Camera",802,0,0,802
2024,"QLD","Unknown","17-25","Police issued",48,0,0,48
2024,"QLD","Unknown","26-39","Camera",2410,0,0,2410
2024,"QLD","Unknown","26-39","Police issued",113,0,0,113
2024,"QLD","Unknown","40-64","Camera",2599,0,0,2599
2024,"QLD","Unknown","40-64","Police issued",68,0,0,68
2024,"QLD","Unknown","65 and over","Camera",321,0,0,321
2024,"QLD","Unknown","65 and over","Police issued",8,0,0,8
2024,"QLD","Unknown","Unknown","Camera",21,0,0,21
2024,"SA","Inner Regional Australia","26-39","Police issued",3,0,0,3
2024,"SA","Inner Regional Australia","40-64","Police issued",3,0,0,3
2024,"SA","Inner Regional Australia","65 and over","Police issued",1,0,0,1
2024,"SA","Major Cities of Australia","17-25","Police issued",68,0,0,68
2024,"SA","Major Cities of Australia","26-39","Police issued",120,0,0,120
2024,"SA","Major Cities of Australia","40-64","Police issued",85,0,0,85
2024,"SA","Major Cities of Australia","65 and over","Police issued",9,0,0,9
2024,"SA","Outer Regional Australia","17-25","Police issued",4,0,0,4
2024,"SA","Outer Regional Australia","26-39","Police issued",4,0,0,4
2024,"SA","Outer Regional Australia","40-64","Police issued",9,0,0,9
2024,"SA","Outer Regional Australia","65 and over","Police issued",2,0,0,2
2024,"SA","Unknown","17-25","Police issued",1,0,0,1
2024,"SA","Unknown","26-39","Police issued",1,0,0,1
2024,"SA","Unknown","40-64","Police issued",1,0,0,1
2024,"SA","Very Remote Australia","17-25","Police issued",2,0,0,2
2024,"SA","Very Remote Australia","26-39","Police issued",1,0,0,1
2024,"TAS","Unknown","17-25","Camera",5,0,0,5
2024,"TAS","Unknown","17-25","Police issued",37,0,1,38
2024,"TAS","Unknown","26-39","Camera",25,0,0,25
2024,"TAS","Unknown","26-39","Police issued",42,0,1,43
2024,"TAS","Unknown","40-64","Camera",38,0,0,38
2024,"TAS","Unknown","40-64","Police issued",32,0,0,32
2024,"TAS","Unknown","65 and over","Camera",6,0,0,6
2024,"TAS","Unknown","65 and over","Police issued",9,0,0,9
2024,"VIC","Inner Regional Australia","0-16","Camera",0,0,0,0
2024,"VIC","Inner Regional Australia","0-16","Camera",0,0,0,0
2024,"VIC","Inner Regional Australia","17-25","Camera",0,0,0,0
2024,"VIC","Inner Regional Australia","17-25","Camera",47,0,0,47
2024,"VIC","Inner Regional Australia","26-39","Camera",0,0,0,0
2024,"VIC","Inner Regional Australia","26-39","Camera",160,0,0,160
2024,"VIC","Inner Regional Australia","40-64","Camera",0,0,0,0
2024,"VIC","Inner Regional Australia","40-64","Camera",240,0,0,240
2024,"VIC","Inner Regional Australia","65 and over","Camera",0,0,0,0
2024,"VIC","Inner Regional Australia","65 and over","Camera",34,0,0,34
2024,"VIC","Inner Regional Australia","Unknown","Camera",0,0,0,0
2024,"VIC","Inner Regional Australia","Unknown","Camera",212,0,0,212
2024,"VIC","Major Cities of Australia","0-16","Camera",0,0,0,0
2024,"VIC","Major Cities of Australia","0-16","Camera",0,0,0,0
2024,"VIC","Major Cities of Australia","17-25","Camera",0,0,0,0
2024,"VIC","Major Cities of Australia","17-25","Camera",292,0,0,292
2024,"VIC","Major Cities of Australia","26-39","Camera",0,0,0,0
2024,"VIC","Major Cities of Australia","26-39","Camera",1398,0,0,1398
2024,"VIC","Major Cities of Australia","40-64","Camera",0,0,0,0
2024,"VIC","Major Cities of Australia","40-64","Camera",1503,0,0,1503
2024,"VIC","Major Cities of Australia","65 and over","Camera",0,0,0,0
2024,"VIC","Major Cities of Australia","65 and over","Camera",277,0,0,277
2024,"VIC","Major Cities of Australia","Unknown","Camera",0,0,0,0
2024,"VIC","Major Cities of Australia","Unknown","Camera",1211,0,0,1211
2024,"VIC","Outer Regional Australia","0-16","Camera",0,0,0,0
2024,"VIC","Outer Regional Australia","0-16","Camera",0,0,0,0
2024,"VIC","Outer Regional Australia","17-25","Camera",0,0,0,0
2024,"VIC","Outer Regional Australia","17-25","Camera",18,0,0,18
2024,"VIC","Outer Regional Australia","26-39","Camera",0,0,0,0
2024,"VIC","Outer Regional Australia","26-39","Camera",82,0,0,82
2024,"VIC","Outer Regional Australia","40-64","Camera",0,0,0,0
2024,"VIC","Outer Regional Australia","40-64","Camera",83,0,0,83
2024,"VIC","Outer Regional Australia","65 and over","Camera",0,0,0,0
2024,"VIC","Outer Regional Australia","65 and over","Camera",13,0,0,13
2024,"VIC","Outer Regional Australia","Unknown","Camera",0,0,0,0
2024,"VIC","Outer Regional Australia","Unknown","Camera",116,0,0,116
2024,"VIC","Remote Australia","0-16","Camera",0,0,0,0
2024,"VIC","Remote Australia","0-16","Camera",0,0,0,0
2024,"VIC","Remote Australia","17-25","Camera",0,0,0,0
2024,"VIC","Remote Australia","17-25","Camera",0,0,0,0
2024,"VIC","Remote Australia","26-39","Camera",0,0,0,0
2024,"VIC","Remote Australia","26-39","Camera",0,0,0,0
2024,"VIC","Remote Australia","40-64","Camera",0,0,0,0
2024,"VIC","Remote Australia","40-64","Camera",0,0,0,0
2024,"VIC","Remote Australia","65 and over","Camera",0,0,0,0
2024,"VIC","Remote Australia","65 and over","Camera",0,0,0,0
2024,"VIC","Remote Australia","Unknown","Camera",0,0,0,0
2024,"VIC","Remote Australia","Unknown","Camera",0,0,0,0
2024,"VIC","Unknown","0-16","Camera",0,0,0,0
2024,"VIC","Unknown","0-16","Camera",0,0,0,0
2024,"VIC","Unknown","17-25","Camera",0,0,0,0
2024,"VIC","Unknown","17-25","Camera",0,0,0,0
2024,"VIC","Unknown","17-25","Police issued",253,0,0,253
2024,"VIC","Unknown","26-39","Camera",0,0,0,0
2024,"VIC","Unknown","26-39","Camera",0,0,0,0
2024,"VIC","Unknown","26-39","Police issued",702,0,0,702
2024,"VIC","Unknown","40-64","Camera",0,0,0,0
2024,"VIC","Unknown","40-64","Camera",0,0,0,0
2024,"VIC","Unknown","40-64","Police issued",561,0,0,561
2024,"VIC","Unknown","65 and over","Camera",0,0,0,0
2024,"VIC","Unknown","65 and over","Camera",0,0,0,0
2024,"VIC","Unknown","65 and over","Police issued",67,0,0,67
2024,"VIC","Unknown","Unknown","Camera",0,0,0,0
2024,"VIC","Unknown","Unknown","Camera",0,0,0,0
2024,"VIC","Unknown","Unknown","Police issued",2,0,0,2
2024,"WA","Unknown","17-25","Police issued",106,0,0,106
2024,"WA","Unknown","17-25","Unknown",0,0,2,2
2024,"WA","Unknown","26-39","Police issued",203,0,0,203
2024,"WA","Unknown","26-39","Unknown",0,0,11,11
2024,"WA","Unknown","40-64","Police issued",140,0,0,140
2024,"WA","Unknown","40-64","Unknown",0,0,7,7
2024,"WA","Unknown","65 and over","Police issued",15,0,0,15
2024,"ACT","Major Cities of Australia","17-25","Camera",277,0,0,277
2024,"ACT","Major Cities of Australia","17-25","Police issued",2,0,0,2
2024,"ACT","Major Cities of Australia","26-39","Camera",960,0,0,960
2024,"ACT","Major Cities of Australia","26-39","Police issued",5,0,0,5
2024,"ACT","Major Cities of Australia","40-64","Camera",908,0,0,908
2024,"ACT","Major Cities of Australia","40-64","Police issued",2,0,0,2
2024,"ACT","Major Cities of Australia","65 and over","Camera",115,0,0,115
2024,"ACT","Major Cities of Australia","Unknown","Camera",72,0,0,72
2024,"NSW","Inner Regional Australia","17-25","Police issued",29,0,0,29
2024,"NSW","Inner Regional Australia","26-39","Police issued",56,0,1,57
2024,"NSW","Inner Regional Australia","40-64","Police issued",42,0,0,42
2024,"NSW","Inner Regional Australia","65 and over","Police issued",5,0,0,5
2024,"NSW","Major Cities of Australia","0-16","Police issued",1,0,1,2
2024,"NSW","Major Cities of Australia","17-25","Police issued",384,0,5,389
2024,"NSW","Major Cities of Australia","26-39","Police issued",392,0,6,398
2024,"NSW","Major Cities of Australia","40-64","Police issued",304,0,2,306
2024,"NSW","Major Cities of Australia","65 and over","Police issued",27,0,0,27
2024,"NSW","Outer Regional Australia","17-25","Police issued",7,0,0,7
2024,"NSW","Outer Regional Australia","26-39","Police issued",10,0,0,10
2024,"NSW","Outer Regional Australia","40-64","Police issued",8,0,0,8
2024,"NSW","Outer Regional Australia","65 and over","Police issued",1,0,0,1
2024,"NSW","Remote Australia","40-64","Police issued",1,0,0,1
2024,"NSW","Unknown","17-25","Police issued",3,0,0,3
2024,"NSW","Unknown","26-39","Police issued",8,0,0,8
2024,"NSW","Unknown","40-64","Police issued",4,0,0,4
2024,"NSW","Unknown","65 and over","Police issued",1,0,0,1
2024,"NSW","Unknown","Unknown","Camera",10306,0,0,10306
2024,"NT","Unknown","17-25","Police issued",4,0,0,4
2024,"NT","Unknown","26-39","Police issued",6,0,0,6
2024,"NT","Unknown","40-64","Police issued",5,0,1,6
2024,"QLD","Unknown","0-16","Camera",177,0,0,177
2024,"QLD","Unknown","0-16","Police issued",1,0,0,1
2024,"QLD","Unknown","17-25","Camera",741,0,0,741
2024,"QLD","Unknown","17-25","Police issued",76,0,0,76
2024,"QLD","Unknown","26-39","Camera",2188,0,0,2188
2024,"QLD","Unknown","26-39","Police issued",109,0,0,109
2024,"QLD","Unknown","40-64","Camera",2264,0,0,2264
2024,"QLD","Unknown","40-64","Police issued",73,0,0,73
2024,"QLD","Unknown","65 and over","Camera",323,0,0,323
2024,"QLD","Unknown","65 and over","Police issued",5,0,0,5
2024,"QLD","Unknown","Unknown","Camera",21,0,0,21
2024,"SA","Inner Regional Australia","17-25","Police issued",1,0,0,1
2024,"SA","Inner Regional Australia","26-39","Police issued",6,0,0,6
2024,"SA","Inner Regional Australia","40-64","Police issued",3,0,0,3
2024,"SA","Inner Regional Australia","65 and over","Police issued",1,0,0,1
2024,"SA","Major Cities of Australia","17-25","Police issued",95,0,0,95
2024,"SA","Major Cities of Australia","26-39","Police issued",103,0,0,103
2024,"SA","Major Cities of Australia","40-64","Police issued",88,0,0,88
2024,"SA","Major Cities of Australia","65 and over","Police issued",6,0,0,6
2024,"SA","Outer Regional Australia","17-25","Police issued",2,0,0,2
2024,"SA","Outer Regional Australia","26-39","Police issued",3,0,0,3
2024,"SA","Outer Regional Australia","40-64","Police issued",4,0,0,4
2024,"SA","Remote Australia","26-39","Police issued",1,0,0,1
2024,"SA","Unknown","17-25","Police issued",1,0,0,1
2024,"SA","Unknown","26-39","Police issued",1,0,0,1
2024,"SA","Unknown","40-64","Police issued",4,0,0,4
2024,"TAS","Unknown","17-25","Camera",3,0,0,3
2024,"TAS","Unknown","17-25","Police issued",34,0,0,34
2024,"TAS","Unknown","26-39","Camera",32,0,0,32
2024,"TAS","Unknown","26-39","Police issued",70,0,0,70
2024,"TAS","Unknown","40-64","Camera",48,0,0,48
2024,"TAS","Unknown","40-64","Police issued",51,0,0,51
2024,"TAS","Unknown","65 and over","Camera",8,0,0,8
2024,"TAS","Unknown","65 and over","Police issued",7,0,0,7
2024,"VIC","Inner Regional Australia","0-16","Camera",0,0,0,0
2024,"VIC","Inner Regional Australia","0-16","Camera",0,0,0,0
2024,"VIC","Inner Regional Australia","17-25","Camera",0,0,0,0
2024,"VIC","Inner Regional Australia","17-25","Camera",22,0,0,22
2024,"VIC","Inner Regional Australia","26-39","Camera",0,0,0,0
2024,"VIC","Inner Regional Australia","26-39","Camera",105,0,0,105
2024,"VIC","Inner Regional Australia","40-64","Camera",0,0,0,0
2024,"VIC","Inner Regional Australia","40-64","Camera",146,0,0,146
2024,"VIC","Inner Regional Australia","65 and over","Camera",0,0,0,0
2024,"VIC","Inner Regional Australia","65 and over","Camera",43,0,0,43
2024,"VIC","Inner Regional Australia","Unknown","Camera",0,0,0,0
2024,"VIC","Inner Regional Australia","Unknown","Camera",139,0,0,139
2024,"VIC","Major Cities of Australia","0-16","Camera",0,0,0,0
2024,"VIC","Major Cities of Australia","0-16","Camera",0,0,0,0
2024,"VIC","Major Cities of Australia","17-25","Camera",0,0,0,0
2024,"VIC","Major Cities of Australia","17-25","Camera",142,0,0,142
2024,"VIC","Major Cities of Australia","26-39","Camera",0,0,0,0
2024,"VIC","Major Cities of Australia","26-39","Camera",704,0,0,704
2024,"VIC","Major Cities of Australia","40-64","Camera",0,0,0,0
2024,"VIC","Major Cities of Australia","40-64","Camera",822,0,0,822
2024,"VIC","Major Cities of Australia","65 and over","Camera",0,0,0,0
2024,"VIC","Major Cities of Australia","65 and over","Camera",122,0,0,122
2024,"VIC","Major Cities of Australia","Unknown","Camera",0,0,0,0
2024,"VIC","Major Cities of Australia","Unknown","Camera",662,0,0,662
2024,"VIC","Outer Regional Australia","0-16","Camera",0,0,0,0
2024,"VIC","Outer Regional Australia","0-16","Camera",0,0,0,0
2024,"VIC","Outer Regional Australia","17-25","Camera",0,0,0,0
2024,"VIC","Outer Regional Australia","17-25","Camera",0,0,0,0
2024,"VIC","Outer Regional Australia","26-39","Camera",0,0,0,0
2024,"VIC","Outer Regional Australia","26-39","Camera",1,0,0,1
2024,"VIC","Outer Regional Australia","40-64","Camera",0,0,0,0
2024,"VIC","Outer Regional Australia","40-64","Camera",0,0,0,0
2024,"VIC","Outer Regional Australia","65 and over","Camera",0,0,0,0
2024,"VIC","Outer Regional Australia","65 and over","Camera",0,0,0,0
2024,"VIC","Outer Regional Australia","Unknown","Camera",0,0,0,0
2024,"VIC","Outer Regional Australia","Unknown","Camera",0,0,0,0
2024,"VIC","Remote Australia","0-16","Camera",0,0,0,0
2024,"VIC","Remote Australia","0-16","Camera",0,0,0,0
2024,"VIC","Remote Australia","17-25","Camera",0,0,0,0
2024,"VIC","Remote Australia","17-25","Camera",0,0,0,0
2024,"VIC","Remote Australia","26-39","Camera",0,0,0,0
2024,"VIC","Remote Australia","26-39","Camera",0,0,0,0
2024,"VIC","Remote Australia","40-64","Camera",0,0,0,0
2024,"VIC","Remote Australia","40-64","Camera",0,0,0,0
2024,"VIC","Remote Australia","65 and over","Camera",0,0,0,0
2024,"VIC","Remote Australia","65 and over","Camera",0,0,0,0
2024,"VIC","Remote Australia","Unknown","Camera",0,0,0,0
2024,"VIC","Remote Australia","Unknown","Camera",0,0,0,0
2024,"VIC","Unknown","0-16","Camera",0,0,0,0
2024,"VIC","Unknown","0-16","Camera",0,0,0,0
2024,"VIC","Unknown","17-25","Camera",0,0,0,0
2024,"VIC","Unknown","17-25","Camera",0,0,0,0
2024,"VIC","Unknown","17-25","Police issued",319,0,0,319
2024,"VIC","Unknown","26-39","Camera",0,0,0,0
2024,"VIC","Unknown","26-39","Camera",0,0,0,0
2024,"VIC","Unknown","26-39","Police issued",649,0,0,649
2024,"VIC","Unknown","40-64","Camera",0,0,0,0
2024,"VIC","Unknown","40-64","Camera",0,0,0,0
2024,"VIC","Unknown","40-64","Police issued",516,0,0,516
2024,"VIC","Unknown","65 and over","Camera",0,0,0,0
2024,"VIC","Unknown","65 and over","Camera",0,0,0,0
2024,"VIC","Unknown","65 and over","Police issued",68,0,0,68
2024,"VIC","Unknown","Unknown","Camera",0,0,0,0
2024,"VIC","Unknown","Unknown","Camera",0,0,0,0
2024,"VIC","Unknown","Unknown","Police issued",2,0,0,2
2024,"WA","Unknown","17-25","Police issued",78,0,0,78
2024,"WA","Unknown","17-25","Unknown",0,0,1,1
2024,"WA","Unknown","26-39","Police issued",184,0,0,184
2024,"WA","Unknown","26-39","Unknown",0,1,7,8
2024,"WA","Unknown","40-64","Police issued",168,0,0,168
2024,"WA","Unknown","40-64","Unknown",0,0,5,5
2024,"WA","Unknown","65 and over","Police issued",12,0,0,12
2024,"ACT","Major Cities of Australia","0-16","Camera",1,0,0,1
2024,"ACT","Major Cities of Australia","17-25","Camera",134,0,0,134
2024,"ACT","Major Cities of Australia","17-25","Police issued",2,0,2,4
2024,"ACT","Major Cities of Australia","26-39","Camera",418,0,0,418
2024,"ACT","Major Cities of Australia","26-39","Police issued",10,0,1,11
2024,"ACT","Major Cities of Australia","40-64","Camera",427,0,0,427
2024,"ACT","Major Cities of Australia","40-64","Police issued",7,0,1,8
2024,"ACT","Major Cities of Australia","65 and over","Camera",45,0,0,45
2024,"ACT","Major Cities of Australia","65 and over","Police issued",1,0,0,1
2024,"ACT","Major Cities of Australia","Unknown","Camera",24,0,0,24
2024,"NSW","Inner Regional Australia","0-16","Police issued",1,0,0,1
2024,"NSW","Inner Regional Australia","17-25","Police issued",46,0,0,46
2024,"NSW","Inner Regional Australia","26-39","Police issued",64,0,2,66
2024,"NSW","Inner Regional Australia","40-64","Police issued",44,0,1,45
2024,"NSW","Inner Regional Australia","65 and over","Police issued",3,0,0,3
2024,"NSW","Major Cities of Australia","17-25","Police issued",342,0,7,349
2024,"NSW","Major Cities of Australia","26-39","Police issued",338,0,4,342
2024,"NSW","Major Cities of Australia","40-64","Police issued",223,0,1,224
2024,"NSW","Major Cities of Australia","65 and over","Police issued",23,0,0,23
2024,"NSW","Outer Regional Australia","17-25","Police issued",7,0,0,7
2024,"NSW","Outer Regional Australia","26-39","Police issued",8,0,0,8
2024,"NSW","Outer Regional Australia","40-64","Police issued",6,0,0,6
2024,"NSW","Outer Regional Australia","65 and over","Police issued",2,0,0,2
2024,"NSW","Remote Australia","17-25","Police issued",1,0,0,1
2024,"NSW","Unknown","17-25","Police issued",6,0,0,6
2024,"NSW","Unknown","26-39","Police issued",3,0,0,3
2024,"NSW","Unknown","Unknown","Camera",10476,0,0,10476
2024,"NT","Unknown","17-25","Police issued",3,0,0,3
2024,"NT","Unknown","26-39","Police issued",11,0,0,11
2024,"NT","Unknown","40-64","Police issued",10,0,0,10
2024,"QLD","Unknown","0-16","Camera",210,0,0,210
2024,"QLD","Unknown","17-25","Camera",901,0,0,901
2024,"QLD","Unknown","17-25","Police issued",48,0,0,48
2024,"QLD","Unknown","26-39","Camera",2417,0,0,2417
2024,"QLD","Unknown","26-39","Police issued",84,0,0,84
2024,"QLD","Unknown","40-64","Camera",2588,0,0,2588
2024,"QLD","Unknown","40-64","Police issued",57,0,0,57
2024,"QLD","Unknown","65 and over","Camera",308,0,0,308
2024,"QLD","Unknown","65 and over","Police issued",7,0,0,7
2024,"QLD","Unknown","Unknown","Camera",28,0,0,28
2024,"SA","Inner Regional Australia","17-25","Police issued",2,0,0,2
2024,"SA","Inner Regional Australia","26-39","Police issued",5,0,0,5
2024,"SA","Inner Regional Australia","40-64","Police issued",4,0,0,4
2024,"SA","Major Cities of Australia","17-25","Police issued",61,0,0,61
2024,"SA","Major Cities of Australia","26-39","Police issued",86,0,0,86
2024,"SA","Major Cities of Australia","40-64","Police issued",69,0,0,69
2024,"SA","Major Cities of Australia","65 and over","Police issued",5,0,0,5
2024,"SA","Major Cities of Australia","Unknown","Police issued",1,0,0,1
2024,"SA","Outer Regional Australia","26-39","Police issued",3,0,0,3
2024,"SA","Outer Regional Australia","40-64","Police issued",3,0,0,3
2024,"SA","Remote Australia","26-39","Police issued",1,0,0,1
2024,"SA","Unknown","26-39","Police issued",2,0,0,2
2024,"SA","Unknown","40-64","Police issued",1,0,0,1
2024,"SA","Unknown","65 and over","Police issued",1,0,0,1
2024,"SA","Very Remote Australia","17-25","Police issued",1,0,0,1
2024,"TAS","Unknown","17-25","Camera",10,0,0,10
2024,"TAS","Unknown","17-25","Police issued",25,0,2,27
2024,"TAS","Unknown","26-39","Camera",35,0,0,35
2024,"TAS","Unknown","26-39","Police issued",55,0,2,57
2024,"TAS","Unknown","40-64","Camera",42,0,0,42
2024,"TAS","Unknown","40-64","Police issued",31,0,0,31
2024,"TAS","Unknown","65 and over","Camera",5,0,0,5
2024,"TAS","Unknown","65 and over","Police issued",3,0,0,3
2024,"VIC","Inner Regional Australia","0-16","Camera",0,0,0,0
2024,"VIC","Inner Regional Australia","0-16","Camera",0,0,0,0
2024,"VIC","Inner Regional Australia","17-25","Camera",0,0,0,0
2024,"VIC","Inner Regional Australia","17-25","Camera",14,0,0,14
2024,"VIC","Inner Regional Australia","26-39","Camera",0,0,0,0
2024,"VIC","Inner Regional Australia","26-39","Camera",34,0,0,34
2024,"VIC","Inner Regional Australia","40-64","Camera",0,0,0,0
2024,"VIC","Inner Regional Australia","40-64","Camera",61,0,0,61
2024,"VIC","Inner Regional Australia","65 and over","Camera",0,0,0,0
2024,"VIC","Inner Regional Australia","65 and over","Camera",12,0,0,12
2024,"VIC","Inner Regional Australia","Unknown","Camera",0,0,0,0
2024,"VIC","Inner Regional Australia","Unknown","Camera",38,0,0,38
2024,"VIC","Major Cities of Australia","0-16","Camera",0,0,0,0
2024,"VIC","Major Cities of Australia","0-16","Camera",0,0,0,0
2024,"VIC","Major Cities of Australia","17-25","Camera",0,0,0,0
2024,"VIC","Major Cities of Australia","17-25","Camera",134,0,0,134
2024,"VIC","Major Cities of Australia","26-39","Camera",0,0,0,0
2024,"VIC","Major Cities of Australia","26-39","Camera",514,0,0,514
2024,"VIC","Major Cities of Australia","40-64","Camera",0,0,0,0
2024,"VIC","Major Cities of Australia","40-64","Camera",659,0,0,659
2024,"VIC","Major Cities of Australia","65 and over","Camera",0,0,0,0
2024,"VIC","Major Cities of Australia","65 and over","Camera",107,0,0,107
2024,"VIC","Major Cities of Australia","Unknown","Camera",0,0,0,0
2024,"VIC","Major Cities of Australia","Unknown","Camera",546,0,0,546
2024,"VIC","Outer Regional Australia","0-16","Camera",0,0,0,0
2024,"VIC","Outer Regional Australia","0-16","Camera",0,0,0,0
2024,"VIC","Outer Regional Australia","17-25","Camera",0,0,0,0
2024,"VIC","Outer Regional Australia","17-25","Camera",0,0,0,0
2024,"VIC","Outer Regional Australia","26-39","Camera",0,0,0,0
2024,"VIC","Outer Regional Australia","26-39","Camera",0,0,0,0
2024,"VIC","Outer Regional Australia","40-64","Camera",0,0,0,0
2024,"VIC","Outer Regional Australia","40-64","Camera",0,0,0,0
2024,"VIC","Outer Regional Australia","65 and over","Camera",0,0,0,0
2024,"VIC","Outer Regional Australia","65 and over","Camera",0,0,0,0
2024,"VIC","Outer Regional Australia","Unknown","Camera",0,0,0,0
2024,"VIC","Outer Regional Australia","Unknown","Camera",0,0,0,0
2024,"VIC","Remote Australia","0-16","Camera",0,0,0,0
2024,"VIC","Remote Australia","0-16","Camera",0,0,0,0
2024,"VIC","Remote Australia","17-25","Camera",0,0,0,0
2024,"VIC","Remote Australia","17-25","Camera",0,0,0,0
2024,"VIC","Remote Australia","26-39","Camera",0,0,0,0
2024,"VIC","Remote Australia","26-39","Camera",0,0,0,0
2024,"VIC","Remote Australia","40-64","Camera",0,0,0,0
2024,"VIC","Remote Australia","40-64","Camera",0,0,0,0
2024,"VIC","Remote Australia","65 and over","Camera",0,0,0,0
2024,"VIC","Remote Australia","65 and over","Camera",0,0,0,0
2024,"VIC","Remote Australia","Unknown","Camera",0,0,0,0
2024,"VIC","Remote Australia","Unknown","Camera",0,0,0,0
2024,"VIC","Unknown","0-16","Camera",0,0,0,0
2024,"VIC","Unknown","0-16","Camera",0,0,0,0
2024,"VIC","Unknown","17-25","Camera",0,0,0,0
2024,"VIC","Unknown","17-25","Camera",0,0,0,0
2024,"VIC","Unknown","17-25","Police issued",167,0,0,167
2024,"VIC","Unknown","26-39","Camera",0,0,0,0
2024,"VIC","Unknown","26-39","Camera",0,0,0,0
2024,"VIC","Unknown","26-39","Police issued",398,0,0,398
2024,"VIC","Unknown","40-64","Camera",0,0,0,0
2024,"VIC","Unknown","40-64","Camera",0,0,0,0
2024,"VIC","Unknown","40-64","Police issued",294,0,0,294
2024,"VIC","Unknown","65 and over","Camera",0,0,0,0
2024,"VIC","Unknown","65 and over","Camera",0,0,0,0
2024,"VIC","Unknown","65 and over","Police issued",36,0,0,36
2024,"VIC","Unknown","Unknown","Camera",0,0,0,0
2024,"VIC","Unknown","Unknown","Camera",0,0,0,0
2024,"VIC","Unknown","Unknown","Police issued",2,0,0,2
2024,"WA","Unknown","0-16","Police issued",1,0,0,1
2024,"WA","Unknown","0-16","Unknown",0,0,1,1
2024,"WA","Unknown","17-25","Police issued",111,0,0,111
2024,"WA","Unknown","17-25","Unknown",0,0,3,3
2024,"WA","Unknown","26-39","Police issued",193,0,0,193
2024,"WA","Unknown","26-39","Unknown",0,0,8,8
2024,"WA","Unknown","40-64","Police issued",149,0,0,149
2024,"WA","Unknown","40-64","Unknown",0,0,3,3
2024,"WA","Unknown","65 and over","Police issued",13,0,0,13
2024,"ACT","Major Cities of Australia","0-16","Camera",1,0,0,1
2024,"ACT","Major Cities of Australia","17-25","Camera",308,0,0,308
2024,"ACT","Major Cities of Australia","17-25","Police issued",5,0,0,5
2024,"ACT","Major Cities of Australia","26-39","Camera",836,0,0,836
2024,"ACT","Major Cities of Australia","26-39","Police issued",5,0,2,7
2024,"ACT","Major Cities of Australia","40-64","Camera",885,0,0,885
2024,"ACT","Major Cities of Australia","40-64","Police issued",8,0,0,8
2024,"ACT","Major Cities of Australia","65 and over","Camera",119,0,0,119
2024,"ACT","Major Cities of Australia","Unknown","Camera",74,0,0,74
2024,"NSW","Inner Regional Australia","17-25","Police issued",42,0,0,42
2024,"NSW","Inner Regional Australia","26-39","Police issued",44,0,0,44
2024,"NSW","Inner Regional Australia","40-64","Police issued",34,0,1,35
2024,"NSW","Inner Regional Australia","65 and over","Police issued",6,0,0,6
2024,"NSW","Major Cities of Australia","0-16","Police issued",4,0,1,5
2024,"NSW","Major Cities of Australia","17-25","Police issued",342,0,7,349
2024,"NSW","Major Cities of Australia","26-39","Police issued",321,0,4,325
2024,"NSW","Major Cities of Australia","40-64","Police issued",207,0,1,208
2024,"NSW","Major Cities of Australia","65 and over","Police issued",22,0,2,24
2024,"NSW","Outer Regional Australia","17-25","Police issued",9,0,0,9
2024,"NSW","Outer Regional Australia","26-39","Police issued",6,0,0,6
2024,"NSW","Outer Regional Australia","40-64","Police issued",8,0,0,8
2024,"NSW","Outer Regional Australia","65 and over","Police issued",1,0,0,1
2024,"NSW","Remote Australia","40-64","Police issued",1,0,0,1
2024,"NSW","Unknown","17-25","Police issued",1,0,0,1
2024,"NSW","Unknown","26-39","Police issued",1,0,0,1
2024,"NSW","Unknown","Unknown","Camera",10952,0,0,10952
2024,"NSW","Very Remote Australia","26-39","Police issued",0,0,1,1
2024,"NT","Unknown","0-16","Police issued",1,0,0,1
2024,"NT","Unknown","17-25","Police issued",9,0,0,9
2024,"NT","Unknown","26-39","Police issued",11,0,0,11
2024,"NT","Unknown","40-64","Police issued",7,1,1,9
2024,"QLD","Unknown","0-16","Camera",206,0,0,206
2024,"QLD","Unknown","17-25","Camera",872,0,0,872
2024,"QLD","Unknown","17-25","Police issued",62,0,0,62
2024,"QLD","Unknown","26-39","Camera",2488,0,0,2488
2024,"QLD","Unknown","26-39","Police issued",115,0,0,115
2024,"QLD","Unknown","40-64","Camera",2476,0,0,2476
2024,"QLD","Unknown","40-64","Police issued",69,0,0,69
2024,"QLD","Unknown","65 and over","Camera",325,0,0,325
2024,"QLD","Unknown","65 and over","Police issued",5,0,0,5
2024,"QLD","Unknown","Unknown","Camera",30,0,0,30
2024,"SA","Inner Regional Australia","17-25","Police issued",3,0,0,3
2024,"SA","Inner Regional Australia","26-39","Police issued",2,0,0,2
2024,"SA","Inner Regional Australia","65 and over","Police issued",1,0,0,1
2024,"SA","Major Cities of Australia","17-25","Police issued",44,0,0,44
2024,"SA","Major Cities of Australia","26-39","Police issued",59,0,0,59
2024,"SA","Major Cities of Australia","40-64","Police issued",57,0,0,57
2024,"SA","Major Cities of Australia","65 and over","Police issued",4,0,0,4
2024,"SA","Outer Regional Australia","17-25","Police issued",1,0,0,1
2024,"SA","Outer Regional Australia","26-39","Police issued",7,0,0,7
2024,"SA","Outer Regional Australia","40-64","Police issued",7,0,0,7
2024,"SA","Outer Regional Australia","65 and over","Police issued",2,0,0,2
2024,"SA","Remote Australia","26-39","Police issued",1,0,0,1
2024,"SA","Remote Australia","40-64","Police issued",2,0,0,2
2024,"SA","Unknown","17-25","Police issued",1,0,0,1
2024,"SA","Unknown","26-39","Police issued",4,0,0,4
2024,"SA","Unknown","40-64","Police issued",2,0,0,2
2024,"TAS","Unknown","17-25","Camera",11,0,0,11
2024,"TAS","Unknown","17-25","Police issued",38,0,2,40
2024,"TAS","Unknown","26-39","Camera",43,0,0,43
2024,"TAS","Unknown","26-39","Police issued",57,0,1,58
2024,"TAS","Unknown","40-64","Camera",67,0,0,67
2024,"TAS","Unknown","40-64","Police issued",53,0,0,53
2024,"TAS","Unknown","65 and over","Camera",10,0,0,10
2024,"TAS","Unknown","65 and over","Police issued",13,0,0,13
2024,"VIC","Inner Regional Australia","0-16","Camera",0,0,0,0
2024,"VIC","Inner Regional Australia","0-16","Camera",0,0,0,0
2024,"VIC","Inner Regional Australia","17-25","Camera",0,0,0,0
2024,"VIC","Inner Regional Australia","17-25","Camera",0,0,0,0
2024,"VIC","Inner Regional Australia","26-39","Camera",0,0,0,0
2024,"VIC","Inner Regional Australia","26-39","Camera",0,0,0,0
2024,"VIC","Inner Regional Australia","40-64","Camera",0,0,0,0
2024,"VIC","Inner Regional Australia","40-64","Camera",0,0,0,0
2024,"VIC","Inner Regional Australia","65 and over","Camera",0,0,0,0
2024,"VIC","Inner Regional Australia","65 and over","Camera",0,0,0,0
2024,"VIC","Inner Regional Australia","Unknown","Camera",0,0,0,0
2024,"VIC","Inner Regional Australia","Unknown","Camera",0,0,0,0
2024,"VIC","Major Cities of Australia","0-16","Camera",0,0,0,0
2024,"VIC","Major Cities of Australia","0-16","Camera",0,0,0,0
2024,"VIC","Major Cities of Australia","17-25","Camera",0,0,0,0
2024,"VIC","Major Cities of Australia","17-25","Camera",0,0,0,0
2024,"VIC","Major Cities of Australia","26-39","Camera",0,0,0,0
2024,"VIC","Major Cities of Australia","26-39","Camera",1,0,0,1
2024,"VIC","Major Cities of Australia","40-64","Camera",0,0,0,0
2024,"VIC","Major Cities of Australia","40-64","Camera",1,0,0,1
2024,"VIC","Major Cities of Australia","65 and over","Camera",0,0,0,0
2024,"VIC","Major Cities of Australia","65 and over","Camera",1,0,0,1
2024,"VIC","Major Cities of Australia","Unknown","Camera",0,0,0,0
2024,"VIC","Major Cities of Australia","Unknown","Camera",1,0,0,1
2024,"VIC","Outer Regional Australia","0-16","Camera",0,0,0,0
2024,"VIC","Outer Regional Australia","0-16","Camera",0,0,0,0
2024,"VIC","Outer Regional Australia","17-25","Camera",0,0,0,0
2024,"VIC","Outer Regional Australia","17-25","Camera",0,0,0,0
2024,"VIC","Outer Regional Australia","26-39","Camera",0,0,0,0
2024,"VIC","Outer Regional Australia","26-39","Camera",0,0,0,0
2024,"VIC","Outer Regional Australia","40-64","Camera",0,0,0,0
2024,"VIC","Outer Regional Australia","40-64","Camera",0,0,0,0
2024,"VIC","Outer Regional Australia","65 and over","Camera",0,0,0,0
2024,"VIC","Outer Regional Australia","65 and over","Camera",0,0,0,0
2024,"VIC","Outer Regional Australia","Unknown","Camera",0,0,0,0
2024,"VIC","Outer Regional Australia","Unknown","Camera",0,0,0,0
2024,"VIC","Remote Australia","0-16","Camera",0,0,0,0
2024,"VIC","Remote Australia","0-16","Camera",0,0,0,0
2024,"VIC","Remote Australia","17-25","Camera",0,0,0,0
2024,"VIC","Remote Australia","17-25","Camera",0,0,0,0
2024,"VIC","Remote Australia","26-39","Camera",0,0,0,0
2024,"VIC","Remote Australia","26-39","Camera",0,0,0,0
2024,"VIC","Remote Australia","40-64","Camera",0,0,0,0
2024,"VIC","Remote Australia","40-64","Camera",0,0,0,0
2024,"VIC","Remote Australia","65 and over","Camera",0,0,0,0
2024,"VIC","Remote Australia","65 and over","Camera",0,0,0,0
2024,"VIC","Remote Australia","Unknown","Camera",0,0,0,0
2024,"VIC","Remote Australia","Unknown","Camera",0,0,0,0
2024,"VIC","Unknown","0-16","Camera",0,0,0,0
2024,"VIC","Unknown","0-16","Camera",0,0,0,0
2024,"VIC","Unknown","17-25","Camera",0,0,0,0
2024,"VIC","Unknown","17-25","Camera",0,0,0,0
2024,"VIC","Unknown","17-25","Police issued",14,0,0,14
2024,"VIC","Unknown","26-39","Camera",0,0,0,0
2024,"VIC","Unknown","26-39","Camera",0,0,0,0
2024,"VIC","Unknown","26-39","Police issued",39,0,0,39
2024,"VIC","Unknown","40-64","Camera",0,0,0,0
2024,"VIC","Unknown","40-64","Camera",0,0,0,0
2024,"VIC","Unknown","40-64","Police issued",36,0,0,36
2024,"VIC","Unknown","65 and over","Camera",0,0,0,0
2024,"VIC","Unknown","65 and over","Camera",0,0,0,0
2024,"VIC","Unknown","65 and over","Police issued",6,0,0,6
2024,"VIC","Unknown","Unknown","Camera",0,0,0,0
2024,"VIC","Unknown","Unknown","Camera",0,0,0,0
2024,"WA","Unknown","17-25","Police issued",55,0,0,55
2024,"WA","Unknown","17-25","Unknown",0,0,7,7
2024,"WA","Unknown","26-39","Police issued",104,0,0,104
2024,"WA","Unknown","26-39","Unknown",0,0,6,6
2024,"WA","Unknown","40-64","Police issued",72,0,0,72
2024,"WA","Unknown","40-64","Unknown",0,0,5,5
2024,"WA","Unknown","65 and over","Police issued",8,0,0,8
2024,"WA","Unknown","65 and over","Unknown",0,0,1,1
2024,"ACT","Major Cities of Australia","17-25","Camera",286,0,0,286
2024,"ACT","Major Cities of Australia","17-25","Police issued",6,0,0,6
2024,"ACT","Major Cities of Australia","26-39","Camera",797,0,0,797
2024,"ACT","Major Cities of Australia","26-39","Police issued",7,0,0,7
2024,"ACT","Major Cities of Australia","40-64","Camera",942,0,0,942
2024,"ACT","Major Cities of Australia","40-64","Police issued",0,1,1,2
2024,"ACT","Major Cities of Australia","65 and over","Camera",128,0,0,128
2024,"ACT","Major Cities of Australia","Unknown","Camera",79,0,0,79
2024,"NSW","Inner Regional Australia","17-25","Police issued",57,0,0,57
2024,"NSW","Inner Regional Australia","26-39","Police issued",50,0,2,52
2024,"NSW","Inner Regional Australia","40-64","Police issued",32,0,0,32
2024,"NSW","Inner Regional Australia","65 and over","Police issued",6,0,0,6
2024,"NSW","Major Cities of Australia","0-16","Police issued",2,0,0,2
2024,"NSW","Major Cities of Australia","17-25","Police issued",402,0,6,408
2024,"NSW","Major Cities of Australia","26-39","Police issued",306,0,4,310
2024,"NSW","Major Cities of Australia","40-64","Police issued",230,0,4,234
2024,"NSW","Major Cities of Australia","65 and over","Police issued",20,0,0,20
2024,"NSW","Outer Regional Australia","17-25","Police issued",12,0,0,12
2024,"NSW","Outer Regional Australia","26-39","Police issued",9,0,0,9
2024,"NSW","Outer Regional Australia","40-64","Police issued",9,0,0,9
2024,"NSW","Remote Australia","26-39","Police issued",1,0,1,2
2024,"NSW","Unknown","17-25","Police issued",19,0,1,20
2024,"NSW","Unknown","26-39","Police issued",22,0,2,24
2024,"NSW","Unknown","40-64","Police issued",10,0,0,10
2024,"NSW","Unknown","Unknown","Camera",12497,0,0,12497
2024,"NT","Unknown","17-25","Police issued",1,0,0,1
2024,"NT","Unknown","26-39","Police issued",6,0,0,6
2024,"NT","Unknown","40-64","Police issued",7,0,0,7
2024,"QLD","Unknown","0-16","Camera",176,0,0,176
2024,"QLD","Unknown","17-25","Camera",679,0,0,679
2024,"QLD","Unknown","17-25","Police issued",76,0,0,76
2024,"QLD","Unknown","26-39","Camera",1826,0,0,1826
2024,"QLD","Unknown","26-39","Police issued",130,0,0,130
2024,"QLD","Unknown","40-64","Camera",1907,0,0,1907
2024,"QLD","Unknown","40-64","Police issued",76,0,0,76
2024,"QLD","Unknown","65 and over","Camera",253,0,0,253
2024,"QLD","Unknown","65 and over","Police issued",8,0,0,8
2024,"QLD","Unknown","Unknown","Camera",32,0,0,32
2024,"SA","Inner Regional Australia","17-25","Police issued",1,0,0,1
2024,"SA","Inner Regional Australia","26-39","Police issued",6,0,0,6
2024,"SA","Inner Regional Australia","40-64","Police issued",5,0,0,5
2024,"SA","Inner Regional Australia","65 and over","Police issued",1,0,0,1
2024,"SA","Major Cities of Australia","17-25","Police issued",45,0,0,45
2024,"SA","Major Cities of Australia","26-39","Police issued",61,0,0,61
2024,"SA","Major Cities of Australia","40-64","Police issued",51,0,0,51
2024,"SA","Major Cities of Australia","65 and over","Police issued",5,0,0,5
2024,"SA","Outer Regional Australia","17-25","Police issued",7,0,0,7
2024,"SA","Outer Regional Australia","26-39","Police issued",3,0,0,3
2024,"SA","Outer Regional Australia","40-64","Police issued",4,0,0,4
2024,"SA","Unknown","26-39","Police issued",2,0,0,2
2024,"SA","Unknown","40-64","Police issued",1,0,0,1
2024,"SA","Very Remote Australia","40-64","Police issued",1,0,0,1
2024,"TAS","Unknown","17-25","Camera",9,0,0,9
2024,"TAS","Unknown","17-25","Police issued",49,0,0,49
2024,"TAS","Unknown","26-39","Camera",53,0,0,53
2024,"TAS","Unknown","26-39","Police issued",64,0,3,67
2024,"TAS","Unknown","40-64","Camera",74,0,0,74
2024,"TAS","Unknown","40-64","Police issued",46,0,0,46
2024,"TAS","Unknown","65 and over","Camera",9,0,0,9
2024,"TAS","Unknown","65 and over","Police issued",6,0,0,6
2024,"VIC","Inner Regional Australia","0-16","Camera",0,0,0,0
2024,"VIC","Inner Regional Australia","0-16","Camera",0,0,0,0
2024,"VIC","Inner Regional Australia","17-25","Camera",0,0,0,0
2024,"VIC","Inner Regional Australia","17-25","Camera",0,0,0,0
2024,"VIC","Inner Regional Australia","26-39","Camera",0,0,0,0
2024,"VIC","Inner Regional Australia","26-39","Camera",0,0,0,0
2024,"VIC","Inner Regional Australia","40-64","Camera",0,0,0,0
2024,"VIC","Inner Regional Australia","40-64","Camera",0,0,0,0
2024,"VIC","Inner Regional Australia","65 and over","Camera",0,0,0,0
2024,"VIC","Inner Regional Australia","65 and over","Camera",0,0,0,0
2024,"VIC","Inner Regional Australia","Unknown","Camera",0,0,0,0
2024,"VIC","Inner Regional Australia","Unknown","Camera",0,0,0,0
2024,"VIC","Major Cities of Australia","0-16","Camera",0,0,0,0
2024,"VIC","Major Cities of Australia","0-16","Camera",0,0,0,0
2024,"VIC","Major Cities of Australia","17-25","Camera",0,0,0,0
2024,"VIC","Major Cities of Australia","17-25","Camera",0,0,0,0
2024,"VIC","Major Cities of Australia","26-39","Camera",0,0,0,0
2024,"VIC","Major Cities of Australia","26-39","Camera",3,0,0,3
2024,"VIC","Major Cities of Australia","40-64","Camera",0,0,0,0
2024,"VIC","Major Cities of Australia","40-64","Camera",0,0,0,0
2024,"VIC","Major Cities of Australia","65 and over","Camera",0,0,0,0
2024,"VIC","Major Cities of Australia","65 and over","Camera",0,0,0,0
2024,"VIC","Major Cities of Australia","Unknown","Camera",0,0,0,0
2024,"VIC","Major Cities of Australia","Unknown","Camera",20,0,0,20
2024,"VIC","Outer Regional Australia","0-16","Camera",0,0,0,0
2024,"VIC","Outer Regional Australia","0-16","Camera",0,0,0,0
2024,"VIC","Outer Regional Australia","17-25","Camera",0,0,0,0
2024,"VIC","Outer Regional Australia","17-25","Camera",0,0,0,0
2024,"VIC","Outer Regional Australia","26-39","Camera",0,0,0,0
2024,"VIC","Outer Regional Australia","26-39","Camera",0,0,0,0
2024,"VIC","Outer Regional Australia","40-64","Camera",0,0,0,0
2024,"VIC","Outer Regional Australia","40-64","Camera",0,0,0,0
2024,"VIC","Outer Regional Australia","65 and over","Camera",0,0,0,0
2024,"VIC","Outer Regional Australia","65 and over","Camera",0,0,0,0
2024,"VIC","Outer Regional Australia","Unknown","Camera",0,0,0,0
2024,"VIC","Outer Regional Australia","Unknown","Camera",0,0,0,0
2024,"VIC","Remote Australia","0-16","Camera",0,0,0,0
2024,"VIC","Remote Australia","0-16","Camera",0,0,0,0
2024,"VIC","Remote Australia","17-25","Camera",0,0,0,0
2024,"VIC","Remote Australia","17-25","Camera",0,0,0,0
2024,"VIC","Remote Australia","26-39","Camera",0,0,0,0
2024,"VIC","Remote Australia","26-39","Camera",0,0,0,0
2024,"VIC","Remote Australia","40-64","Camera",0,0,0,0
2024,"VIC","Remote Australia","40-64","Camera",0,0,0,0
2024,"VIC","Remote Australia","65 and over","Camera",0,0,0,0
2024,"VIC","Remote Australia","65 and over","Camera",0,0,0,0
2024,"VIC","Remote Australia","Unknown","Camera",0,0,0,0
2024,"VIC","Remote Australia","Unknown","Camera",0,0,0,0
2024,"VIC","Unknown","0-16","Camera",0,0,0,0
2024,"VIC","Unknown","0-16","Camera",0,0,0,0
2024,"VIC","Unknown","0-16","Police issued",1,0,0,1
2024,"VIC","Unknown","17-25","Camera",0,0,0,0
2024,"VIC","Unknown","17-25","Camera",0,0,0,0
2024,"VIC","Unknown","17-25","Police issued",22,0,0,22
2024,"VIC","Unknown","26-39","Camera",0,0,0,0
2024,"VIC","Unknown","26-39","Camera",0,0,0,0
2024,"VIC","Unknown","26-39","Police issued",34,0,0,34
2024,"VIC","Unknown","40-64","Camera",0,0,0,0
2024,"VIC","Unknown","40-64","Camera",0,0,0,0
2024,"VIC","Unknown","40-64","Police issued",33,0,0,33
2024,"VIC","Unknown","65 and over","Camera",0,0,0,0
2024,"VIC","Unknown","65 and over","Camera",0,0,0,0
2024,"VIC","Unknown","65 and over","Police issued",4,0,0,4
2024,"VIC","Unknown","Unknown","Camera",0,0,0,0
2024,"VIC","Unknown","Unknown","Camera",0,0,0,0
2024,"WA","Unknown","17-25","Police issued",1,0,0,1
2024,"WA","Unknown","17-25","Unknown",0,0,4,4
2024,"WA","Unknown","26-39","Police issued",8,0,0,8
2024,"WA","Unknown","26-39","Unknown",0,0,14,14
2024,"WA","Unknown","40-64","Police issued",3,0,0,3
2024,"WA","Unknown","40-64","Unknown",0,0,6,6
2024,"ACT","Major Cities of Australia","0-16","Police issued",1,0,0,1
2024,"ACT","Major Cities of Australia","17-25","Camera",210,0,0,210
2024,"ACT","Major Cities of Australia","17-25","Police issued",6,0,1,7
2024,"ACT","Major Cities of Australia","26-39","Camera",685,0,0,685
2024,"ACT","Major Cities of Australia","26-39","Police issued",13,0,2,15
2024,"ACT","Major Cities of Australia","40-64","Camera",723,0,0,723
2024,"ACT","Major Cities of Australia","40-64","Police issued",3,0,0,3
2024,"ACT","Major Cities of Australia","65 and over","Camera",97,0,0,97
2024,"ACT","Major Cities of Australia","65 and over","Police issued",1,0,0,1
2024,"ACT","Major Cities of Australia","Unknown","Camera",107,0,0,107
2024,"ACT","Major Cities of Australia","Unknown","Police issued",2,0,0,2
2024,"NSW","Inner Regional Australia","0-16","Police issued",1,0,1,2
2024,"NSW","Inner Regional Australia","17-25","Police issued",79,0,0,79
2024,"NSW","Inner Regional Australia","26-39","Police issued",97,0,1,98
2024,"NSW","Inner Regional Australia","40-64","Police issued",56,0,2,58
2024,"NSW","Inner Regional Australia","65 and over","Police issued",7,0,0,7
2024,"NSW","Major Cities of Australia","0-16","Police issued",1,0,0,1
2024,"NSW","Major Cities of Australia","17-25","Police issued",456,0,6,462
2024,"NSW","Major Cities of Australia","26-39","Police issued",441,0,3,444
2024,"NSW","Major Cities of Australia","40-64","Police issued",293,0,2,295
2024,"NSW","Major Cities of Australia","65 and over","Police issued",36,0,1,37
2024,"NSW","Outer Regional Australia","17-25","Police issued",9,0,1,10
2024,"NSW","Outer Regional Australia","26-39","Police issued",10,0,0,10
2024,"NSW","Outer Regional Australia","40-64","Police issued",10,0,1,11
2024,"NSW","Outer Regional Australia","65 and over","Police issued",3,0,0,3
2024,"NSW","Remote Australia","17-25","Police issued",1,0,0,1
2024,"NSW","Remote Australia","26-39","Police issued",0,0,1,1
2024,"NSW","Unknown","17-25","Police issued",12,0,0,12
2024,"NSW","Unknown","26-39","Police issued",6,0,0,6
2024,"NSW","Unknown","40-64","Police issued",7,0,0,7
2024,"NSW","Unknown","65 and over","Police issued",1,0,0,1
2024,"NSW","Unknown","Unknown","Camera",11282,0,0,11282
2024,"NSW","Very Remote Australia","26-39","Police issued",1,0,0,1
2024,"NT","Unknown","17-25","Police issued",8,0,1,9
2024,"NT","Unknown","26-39","Police issued",15,0,0,15
2024,"NT","Unknown","40-64","Police issued",4,0,0,4
2024,"QLD","Unknown","0-16","Camera",193,0,0,193
2024,"QLD","Unknown","17-25","Camera",690,0,0,690
2024,"QLD","Unknown","17-25","Police issued",72,0,0,72
2024,"QLD","Unknown","26-39","Camera",1954,0,0,1954
2024,"QLD","Unknown","26-39","Police issued",105,0,0,105
2024,"QLD","Unknown","40-64","Camera",1967,0,0,1967
2024,"QLD","Unknown","40-64","Police issued",82,0,0,82
2024,"QLD","Unknown","65 and over","Camera",287,0,0,287
2024,"QLD","Unknown","65 and over","Police issued",7,0,0,7
2024,"QLD","Unknown","Unknown","Camera",28,0,0,28
2024,"SA","Inner Regional Australia","0-16","Police issued",1,0,0,1
2024,"SA","Inner Regional Australia","26-39","Police issued",4,0,0,4
2024,"SA","Inner Regional Australia","40-64","Police issued",4,0,0,4
2024,"SA","Inner Regional Australia","65 and over","Police issued",2,0,0,2
2024,"SA","Major Cities of Australia","17-25","Police issued",42,0,0,42
2024,"SA","Major Cities of Australia","26-39","Police issued",64,0,0,64
2024,"SA","Major Cities of Australia","40-64","Police issued",45,0,0,45
2024,"SA","Major Cities of Australia","65 and over","Police issued",5,0,0,5
2024,"SA","Major Cities of Australia","Unknown","Police issued",1,0,0,1
2024,"SA","Outer Regional Australia","17-25","Police issued",5,0,0,5
2024,"SA","Outer Regional Australia","26-39","Police issued",9,0,0,9
2024,"SA","Outer Regional Australia","40-64","Police issued",4,0,0,4
2024,"SA","Remote Australia","17-25","Police issued",1,0,0,1
2024,"SA","Remote Australia","40-64","Police issued",2,0,0,2
2024,"SA","Unknown","26-39","Police issued",1,0,0,1
2024,"SA","Unknown","40-64","Police issued",2,0,0,2
2024,"TAS","Unknown","17-25","Camera",7,0,0,7
2024,"TAS","Unknown","17-25","Police issued",44,0,1,45
2024,"TAS","Unknown","26-39","Camera",47,0,0,47
2024,"TAS","Unknown","26-39","Police issued",87,0,2,89
2024,"TAS","Unknown","40-64","Camera",42,0,0,42
2024,"TAS","Unknown","40-64","Police issued",57,0,0,57
2024,"TAS","Unknown","65 and over","Camera",10,0,0,10
2024,"TAS","Unknown","65 and over","Police issued",13,0,0,13
2024,"VIC","Inner Regional Australia","0-16","Camera",0,0,0,0
2024,"VIC","Inner Regional Australia","0-16","Camera",0,0,0,0
2024,"VIC","Inner Regional Australia","17-25","Camera",0,0,0,0
2024,"VIC","Inner Regional Australia","17-25","Camera",0,0,0,0
2024,"VIC","Inner Regional Australia","26-39","Camera",0,0,0,0
2024,"VIC","Inner Regional Australia","26-39","Camera",0,0,0,0
2024,"VIC","Inner Regional Australia","40-64","Camera",0,0,0,0
2024,"VIC","Inner Regional Australia","40-64","Camera",0,0,0,0
2024,"VIC","Inner Regional Australia","65 and over","Camera",0,0,0,0
2024,"VIC","Inner Regional Australia","65 and over","Camera",0,0,0,0
2024,"VIC","Inner Regional Australia","Unknown","Camera",0,0,0,0
2024,"VIC","Inner Regional Australia","Unknown","Camera",2,0,0,2
2024,"VIC","Major Cities of Australia","0-16","Camera",0,0,0,0
2024,"VIC","Major Cities of Australia","0-16","Camera",0,0,0,0
2024,"VIC","Major Cities of Australia","17-25","Camera",0,0,0,0
2024,"VIC","Major Cities of Australia","17-25","Camera",1,0,0,1
2024,"VIC","Major Cities of Australia","26-39","Camera",0,0,0,0
2024,"VIC","Major Cities of Australia","26-39","Camera",2,0,0,2
2024,"VIC","Major Cities of Australia","40-64","Camera",0,0,0,0
2024,"VIC","Major Cities of Australia","40-64","Camera",0,0,0,0
2024,"VIC","Major Cities of Australia","65 and over","Camera",0,0,0,0
2024,"VIC","Major Cities of Australia","65 and over","Camera",1,0,0,1
2024,"VIC","Major Cities of Australia","Unknown","Camera",0,0,0,0
2024,"VIC","Major Cities of Australia","Unknown","Camera",8,0,0,8
2024,"VIC","Outer Regional Australia","0-16","Camera",0,0,0,0
2024,"VIC","Outer Regional Australia","0-16","Camera",0,0,0,0
2024,"VIC","Outer Regional Australia","17-25","Camera",0,0,0,0
2024,"VIC","Outer Regional Australia","17-25","Camera",0,0,0,0
2024,"VIC","Outer Regional Australia","26-39","Camera",0,0,0,0
2024,"VIC","Outer Regional Australia","26-39","Camera",0,0,0,0
2024,"VIC","Outer Regional Australia","40-64","Camera",0,0,0,0
2024,"VIC","Outer Regional Australia","40-64","Camera",0,0,0,0
2024,"VIC","Outer Regional Australia","65 and over","Camera",0,0,0,0
2024,"VIC","Outer Regional Australia","65 and over","Camera",0,0,0,0
2024,"VIC","Outer Regional Australia","Unknown","Camera",0,0,0,0
2024,"VIC","Outer Regional Australia","Unknown","Camera",0,0,0,0
2024,"VIC","Remote Australia","0-16","Camera",0,0,0,0
2024,"VIC","Remote Australia","0-16","Camera",0,0,0,0
2024,"VIC","Remote Australia","17-25","Camera",0,0,0,0
2024,"VIC","Remote Australia","17-25","Camera",0,0,0,0
2024,"VIC","Remote Australia","26-39","Camera",0,0,0,0
2024,"VIC","Remote Australia","26-39","Camera",0,0,0,0
2024,"VIC","Remote Australia","40-64","Camera",0,0,0,0
2024,"VIC","Remote Australia","40-64","Camera",0,0,0,0
2024,"VIC","Remote Australia","65 and over","Camera",0,0,0,0
2024,"VIC","Remote Australia","65 and over","Camera",0,0,0,0
2024,"VIC","Remote Australia","Unknown","Camera",0,0,0,0
2024,"VIC","Remote Australia","Unknown","Camera",0,0,0,0
2024,"VIC","Unknown","0-16","Camera",0,0,0,0
2024,"VIC","Unknown","0-16","Camera",0,0,0,0
2024,"VIC","Unknown","0-16","Police issued",1,0,0,1
2024,"VIC","Unknown","17-25","Camera",0,0,0,0
2024,"VIC","Unknown","17-25","Camera",0,0,0,0
2024,"VIC","Unknown","17-25","Police issued",22,0,0,22
2024,"VIC","Unknown","26-39","Camera",0,0,0,0
2024,"VIC","Unknown","26-39","Camera",0,0,0,0
2024,"VIC","Unknown","26-39","Police issued",55,0,0,55
2024,"VIC","Unknown","40-64","Camera",0,0,0,0
2024,"VIC","Unknown","40-64","Camera",0,0,0,0
2024,"VIC","Unknown","40-64","Police issued",40,0,0,40
2024,"VIC","Unknown","65 and over","Camera",0,0,0,0
2024,"VIC","Unknown","65 and over","Camera",0,0,0,0
2024,"VIC","Unknown","65 and over","Police issued",9,0,0,9
2024,"VIC","Unknown","Unknown","Camera",0,0,0,0
2024,"VIC","Unknown","Unknown","Camera",0,0,0,0
2024,"WA","Unknown","17-25","Police issued",1,0,0,1
2024,"WA","Unknown","17-25","Unknown",0,0,7,7
2024,"WA","Unknown","26-39","Unknown",0,1,9,10
2024,"WA","Unknown","40-64","Unknown",0,0,8,8
2023,"ACT","Major Cities of Australia","17-25","Police issued",8,0,0,8
2023,"ACT","Major Cities of Australia","26-39","Police issued",8,0,0,8
2023,"ACT","Major Cities of Australia","40-64","Police issued",12,0,0,12
2023,"NSW","Inner Regional Australia","17-25","Police issued",55,0,0,55
2023,"NSW","Inner Regional Australia","26-39","Police issued",54,0,1,55
2023,"NSW","Inner Regional Australia","40-64","Police issued",43,0,1,44
2023,"NSW","Inner Regional Australia","65 and over","Police issued",6,0,0,6
2023,"NSW","Major Cities of Australia","17-25","Police issued",270,0,5,275
2023,"NSW","Major Cities of Australia","26-39","Police issued",335,0,6,341
2023,"NSW","Major Cities of Australia","40-64","Police issued",200,0,4,204
2023,"NSW","Major Cities of Australia","65 and over","Police issued",31,0,0,31
2023,"NSW","Outer Regional Australia","17-25","Police issued",6,0,0,6
2023,"NSW","Outer Regional Australia","26-39","Police issued",8,0,0,8
2023,"NSW","Outer Regional Australia","40-64","Police issued",9,0,0,9
2023,"NSW","Outer Regional Australia","65 and over","Police issued",1,0,0,1
2023,"NSW","Remote Australia","40-64","Police issued",1,0,0,1
2023,"NSW","Unknown","26-39","Police issued",1,0,0,1
2023,"NSW","Unknown","Unknown","Camera",17080,0,0,17080
2023,"NT","Unknown","17-25","Police issued",3,0,0,3
2023,"NT","Unknown","26-39","Police issued",7,0,0,7
2023,"NT","Unknown","40-64","Police issued",8,0,0,8
2023,"NT","Unknown","65 and over","Police issued",3,0,0,3
2023,"SA","Unknown","0-16","Police issued",1,0,0,1
2023,"SA","Unknown","17-25","Police issued",106,0,0,106
2023,"SA","Unknown","26-39","Police issued",182,0,0,182
2023,"SA","Unknown","40-64","Police issued",117,0,0,117
2023,"SA","Unknown","65 and over","Police issued",20,0,0,20
2023,"SA","Unknown","Unknown","Police issued",0,0,0,0
2023,"TAS","Unknown","17-25","Police issued",27,0,0,27
2023,"TAS","Unknown","26-39","Police issued",63,0,4,67
2023,"TAS","Unknown","40-64","Police issued",28,0,1,29
2023,"TAS","Unknown","65 and over","Police issued",7,0,0,7
2023,"VIC","Inner Regional Australia","0-16","Police issued",1,0,0,1
2023,"VIC","Inner Regional Australia","17-25","Police issued",47,0,0,47
2023,"VIC","Inner Regional Australia","26-39","Police issued",55,0,0,55
2023,"VIC","Inner Regional Australia","40-64","Police issued",41,0,0,41
2023,"VIC","Inner Regional Australia","65 and over","Police issued",7,0,0,7
2023,"VIC","Major Cities of Australia","0-16","Police issued",1,0,0,1
2023,"VIC","Major Cities of Australia","17-25","Police issued",298,0,0,298
2023,"VIC","Major Cities of Australia","26-39","Police issued",654,0,0,654
2023,"VIC","Major Cities of Australia","40-64","Police issued",406,0,0,406
2023,"VIC","Major Cities of Australia","65 and over","Police issued",38,0,0,38
2023,"VIC","Outer Regional Australia","17-25","Police issued",7,0,0,7
2023,"VIC","Outer Regional Australia","26-39","Police issued",11,0,0,11
2023,"VIC","Outer Regional Australia","40-64","Police issued",9,0,0,9
2023,"VIC","Outer Regional Australia","65 and over","Police issued",3,0,0,3
2023,"VIC","Unknown","26-39","Police issued",2,0,0,2
2023,"VIC","Unknown","40-64","Police issued",1,0,0,1
2023,"WA","Unknown","0-16","Unknown",0,0,1,1
2023,"WA","Unknown","17-25","Police issued",72,0,0,72
2023,"WA","Unknown","17-25","Unknown",0,0,5,5
2023,"WA","Unknown","26-39","Police issued",178,0,0,178
2023,"WA","Unknown","26-39","Unknown",0,0,5,5
2023,"WA","Unknown","40-64","Police issued",123,0,0,123
2023,"WA","Unknown","40-64","Unknown",0,1,10,11
2023,"WA","Unknown","65 and over","Police issued",19,0,0,19
2023,"WA","Unknown","65 and over","Unknown",0,0,1,1
2023,"QLD","Unknown","Unknown","Camera",77213,0,0,77213
2023,"QLD","Unknown","Unknown","Police issued",3079,0,0,3079
2023,"ACT","Major Cities of Australia","17-25","Police issued",7,0,0,7
2023,"ACT","Major Cities of Australia","26-39","Police issued",8,0,0,8
2023,"ACT","Major Cities of Australia","40-64","Police issued",12,0,0,12
2023,"ACT","Major Cities of Australia","65 and over","Police issued",1,0,0,1
2023,"NSW","Inner Regional Australia","17-25","Police issued",48,0,1,49
2023,"NSW","Inner Regional Australia","26-39","Police issued",54,0,1,55
2023,"NSW","Inner Regional Australia","40-64","Police issued",61,0,0,61
2023,"NSW","Inner Regional Australia","65 and over","Police issued",4,0,0,4
2023,"NSW","Major Cities of Australia","17-25","Police issued",278,0,3,281
2023,"NSW","Major Cities of Australia","26-39","Police issued",423,0,10,433
2023,"NSW","Major Cities of Australia","40-64","Police issued",308,0,0,308
2023,"NSW","Major Cities of Australia","65 and over","Police issued",28,0,0,28
2023,"NSW","Outer Regional Australia","17-25","Police issued",4,0,1,5
2023,"NSW","Outer Regional Australia","26-39","Police issued",13,0,1,14
2023,"NSW","Outer Regional Australia","40-64","Police issued",10,0,0,10
2023,"NSW","Unknown","40-64","Police issued",1,0,0,1
2023,"NSW","Unknown","Unknown","Camera",18057,0,0,18057
2023,"NT","Unknown","17-25","Police issued",5,0,0,5
2023,"NT","Unknown","26-39","Police issued",6,0,0,6
2023,"NT","Unknown","40-64","Police issued",5,0,0,5
2023,"SA","Unknown","0-16","Police issued",0,0,0,0
2023,"SA","Unknown","17-25","Police issued",150,0,0,150
2023,"SA","Unknown","26-39","Police issued",239,0,0,239
2023,"SA","Unknown","40-64","Police issued",177,0,0,177
2023,"SA","Unknown","65 and over","Police issued",24,0,0,24
2023,"SA","Unknown","Unknown","Police issued",0,0,0,0
2023,"TAS","Unknown","0-16","Police issued",0,0,0,0
2023,"TAS","Unknown","17-25","Police issued",29,0,0,29
2023,"TAS","Unknown","26-39","Police issued",43,0,4,47
2023,"TAS","Unknown","40-64","Police issued",35,0,0,35
2023,"TAS","Unknown","65 and over","Police issued",5,0,0,5
2023,"VIC","Inner Regional Australia","0-16","Police issued",1,0,0,1
2023,"VIC","Inner Regional Australia","17-25","Police issued",26,0,0,26
2023,"VIC","Inner Regional Australia","26-39","Police issued",55,0,0,55
2023,"VIC","Inner Regional Australia","40-64","Police issued",40,0,0,40
2023,"VIC","Inner Regional Australia","65 and over","Police issued",7,0,0,7
2023,"VIC","Major Cities of Australia","17-25","Police issued",248,0,0,248
2023,"VIC","Major Cities of Australia","26-39","Police issued",586,0,0,586
2023,"VIC","Major Cities of Australia","40-64","Police issued",445,0,0,445
2023,"VIC","Major Cities of Australia","65 and over","Police issued",59,0,0,59
2023,"VIC","Outer Regional Australia","17-25","Police issued",2,0,0,2
2023,"VIC","Outer Regional Australia","26-39","Police issued",12,0,0,12
2023,"VIC","Outer Regional Australia","40-64","Police issued",8,0,0,8
2023,"VIC","Outer Regional Australia","65 and over","Police issued",2,0,0,2
2023,"VIC","Unknown","26-39","Police issued",2,0,0,2
2023,"VIC","Unknown","40-64","Police issued",1,0,0,1
2023,"WA","Unknown","17-25","Police issued",69,0,0,69
2023,"WA","Unknown","17-25","Unknown",0,0,4,4
2023,"WA","Unknown","26-39","Police issued",155,0,0,155
2023,"WA","Unknown","26-39","Unknown",0,1,12,13
2023,"WA","Unknown","40-64","Police issued",125,0,0,125
2023,"WA","Unknown","40-64","Unknown",0,1,4,5
2023,"WA","Unknown","65 and over","Police issued",19,0,0,19
2023,"WA","Unknown","65 and over","Unknown",0,0,1,1
2023,"ACT","Major Cities of Australia","0-16","Police issued",1,0,0,1
2023,"ACT","Major Cities of Australia","17-25","Police issued",12,0,0,12
2023,"ACT","Major Cities of Australia","26-39","Police issued",14,0,0,14
2023,"ACT","Major Cities of Australia","40-64","Police issued",1,0,0,1
2023,"NSW","Inner Regional Australia","17-25","Police issued",37,0,0,37
2023,"NSW","Inner Regional Australia","26-39","Police issued",67,0,0,67
2023,"NSW","Inner Regional Australia","40-64","Police issued",51,0,0,51
2023,"NSW","Inner Regional Australia","65 and over","Police issued",5,0,0,5
2023,"NSW","Major Cities of Australia","17-25","Police issued",283,0,3,286
2023,"NSW","Major Cities of Australia","26-39","Police issued",405,0,5,410
2023,"NSW","Major Cities of Australia","40-64","Police issued",303,0,4,307
2023,"NSW","Major Cities of Australia","65 and over","Police issued",23,0,0,23
2023,"NSW","Outer Regional Australia","17-25","Police issued",6,0,1,7
2023,"NSW","Outer Regional Australia","26-39","Police issued",13,0,0,13
2023,"NSW","Outer Regional Australia","40-64","Police issued",11,0,0,11
2023,"NSW","Outer Regional Australia","65 and over","Police issued",2,0,0,2
2023,"NSW","Remote Australia","26-39","Police issued",2,0,0,2
2023,"NSW","Unknown","Unknown","Camera",20102,0,0,20102
2023,"NT","Unknown","17-25","Police issued",4,0,0,4
2023,"NT","Unknown","26-39","Police issued",6,0,0,6
2023,"NT","Unknown","40-64","Police issued",5,0,0,5
2023,"NT","Unknown","65 and over","Police issued",0,0,2,2
2023,"SA","Unknown","0-16","Police issued",0,0,0,0
2023,"SA","Unknown","17-25","Police issued",153,0,0,153
2023,"SA","Unknown","26-39","Police issued",228,0,0,228
2023,"SA","Unknown","40-64","Police issued",198,0,0,198
2023,"SA","Unknown","65 and over","Police issued",34,0,0,34
2023,"SA","Unknown","Unknown","Police issued",0,0,0,0
2023,"TAS","Unknown","17-25","Police issued",44,0,1,45
2023,"TAS","Unknown","26-39","Police issued",44,0,2,46
2023,"TAS","Unknown","40-64","Police issued",34,0,0,34
2023,"TAS","Unknown","65 and over","Police issued",6,0,0,6
2023,"VIC","Inner Regional Australia","17-25","Police issued",55,0,0,55
2023,"VIC","Inner Regional Australia","26-39","Police issued",74,0,0,74
2023,"VIC","Inner Regional Australia","40-64","Police issued",53,0,0,53
2023,"VIC","Inner Regional Australia","65 and over","Police issued",9,0,0,9
2023,"VIC","Major Cities of Australia","0-16","Police issued",1,0,0,1
2023,"VIC","Major Cities of Australia","17-25","Police issued",309,0,0,309
2023,"VIC","Major Cities of Australia","26-39","Police issued",646,0,0,646
2023,"VIC","Major Cities of Australia","40-64","Police issued",536,0,0,536
2023,"VIC","Major Cities of Australia","65 and over","Police issued",59,0,0,59
2023,"VIC","Major Cities of Australia","Unknown","Police issued",1,0,0,1
2023,"VIC","Outer Regional Australia","17-25","Police issued",11,0,0,11
2023,"VIC","Outer Regional Australia","26-39","Police issued",29,0,0,29
2023,"VIC","Outer Regional Australia","40-64","Police issued",15,0,0,15
2023,"VIC","Outer Regional Australia","65 and over","Police issued",3,0,0,3
2023,"WA","Unknown","17-25","Police issued",76,0,0,76
2023,"WA","Unknown","17-25","Unknown",0,0,3,3
2023,"WA","Unknown","26-39","Police issued",184,0,0,184
2023,"WA","Unknown","26-39","Unknown",0,0,12,12
2023,"WA","Unknown","40-64","Police issued",166,0,0,166
2023,"WA","Unknown","40-64","Unknown",0,0,4,4
2023,"WA","Unknown","65 and over","Police issued",21,0,0,21
2023,"ACT","Major Cities of Australia","0-16","Police issued",2,0,0,2
2023,"ACT","Major Cities of Australia","17-25","Police issued",7,0,0,7
2023,"ACT","Major Cities of Australia","26-39","Police issued",11,0,0,11
2023,"ACT","Major Cities of Australia","40-64","Police issued",6,0,0,6
2023,"ACT","Major Cities of Australia","65 and over","Police issued",2,0,0,2
2023,"NSW","Inner Regional Australia","0-16","Police issued",1,0,0,1
2023,"NSW","Inner Regional Australia","17-25","Police issued",39,0,0,39
2023,"NSW","Inner Regional Australia","26-39","Police issued",68,0,1,69
2023,"NSW","Inner Regional Australia","40-64","Police issued",38,0,0,38
2023,"NSW","Inner Regional Australia","65 and over","Police issued",5,0,0,5
2023,"NSW","Major Cities of Australia","0-16","Police issued",1,0,0,1
2023,"NSW","Major Cities of Australia","17-25","Police issued",348,0,2,350
2023,"NSW","Major Cities of Australia","26-39","Police issued",384,0,6,390
2023,"NSW","Major Cities of Australia","40-64","Police issued",257,0,2,259
2023,"NSW","Major Cities of Australia","65 and over","Police issued",31,0,0,31
2023,"NSW","Outer Regional Australia","17-25","Police issued",4,0,0,4
2023,"NSW","Outer Regional Australia","26-39","Police issued",9,0,0,9
2023,"NSW","Outer Regional Australia","40-64","Police issued",6,0,0,6
2023,"NSW","Outer Regional Australia","65 and over","Police issued",1,0,0,1
2023,"NSW","Unknown","17-25","Police issued",1,0,0,1
2023,"NSW","Unknown","Unknown","Camera",16973,0,0,16973
2023,"NSW","Very Remote Australia","17-25","Police issued",1,0,0,1
2023,"NT","Unknown","17-25","Police issued",2,0,0,2
2023,"NT","Unknown","26-39","Police issued",11,0,0,11
2023,"NT","Unknown","40-64","Police issued",3,0,0,3
2023,"NT","Unknown","65 and over","Police issued",0,0,1,1
2023,"SA","Unknown","0-16","Police issued",0,0,0,0
2023,"SA","Unknown","17-25","Police issued",122,0,0,122
2023,"SA","Unknown","26-39","Police issued",184,0,0,184
2023,"SA","Unknown","40-64","Police issued",135,0,0,135
2023,"SA","Unknown","65 and over","Police issued",25,0,0,25
2023,"SA","Unknown","Unknown","Police issued",0,0,0,0
2023,"TAS","Unknown","17-25","Police issued",32,0,2,34
2023,"TAS","Unknown","26-39","Police issued",70,0,1,71
2023,"TAS","Unknown","40-64","Police issued",44,0,0,44
2023,"TAS","Unknown","65 and over","Police issued",4,0,0,4
2023,"VIC","Inner Regional Australia","17-25","Police issued",21,0,0,21
2023,"VIC","Inner Regional Australia","26-39","Police issued",56,0,0,56
2023,"VIC","Inner Regional Australia","40-64","Police issued",68,0,0,68
2023,"VIC","Inner Regional Australia","65 and over","Police issued",7,0,0,7
2023,"VIC","Major Cities of Australia","17-25","Police issued",232,0,0,232
2023,"VIC","Major Cities of Australia","26-39","Police issued",608,0,0,608
2023,"VIC","Major Cities of Australia","40-64","Police issued",455,0,0,455
2023,"VIC","Major Cities of Australia","65 and over","Police issued",60,0,0,60
2023,"VIC","Major Cities of Australia","Unknown","Police issued",1,0,0,1
2023,"VIC","Outer Regional Australia","17-25","Police issued",5,0,0,5
2023,"VIC","Outer Regional Australia","26-39","Police issued",9,0,0,9
2023,"VIC","Outer Regional Australia","40-64","Police issued",6,0,0,6
2023,"VIC","Outer Regional Australia","65 and over","Police issued",1,0,0,1
2023,"VIC","Unknown","26-39","Police issued",2,0,0,2
2023,"VIC","Unknown","40-64","Police issued",1,0,0,1
2023,"WA","Unknown","17-25","Police issued",63,0,0,63
2023,"WA","Unknown","17-25","Unknown",0,0,2,2
2023,"WA","Unknown","26-39","Police issued",136,0,0,136
2023,"WA","Unknown","26-39","Unknown",0,0,2,2
2023,"WA","Unknown","40-64","Police issued",90,0,0,90
2023,"WA","Unknown","40-64","Unknown",0,0,3,3
2023,"WA","Unknown","65 and over","Police issued",12,0,0,12
2023,"WA","Unknown","65 and over","Unknown",0,0,1,1
2023,"ACT","Major Cities of Australia","0-16","Police issued",3,0,0,3
2023,"ACT","Major Cities of Australia","17-25","Police issued",5,0,0,5
2023,"ACT","Major Cities of Australia","26-39","Police issued",9,0,0,9
2023,"ACT","Major Cities of Australia","40-64","Police issued",8,0,0,8
2023,"NSW","Inner Regional Australia","0-16","Police issued",2,0,0,2
2023,"NSW","Inner Regional Australia","17-25","Police issued",36,0,0,36
2023,"NSW","Inner Regional Australia","26-39","Police issued",47,0,2,49
2023,"NSW","Inner Regional Australia","40-64","Police issued",35,0,2,37
2023,"NSW","Inner Regional Australia","65 and over","Police issued",8,0,0,8
2023,"NSW","Major Cities of Australia","17-25","Police issued",330,0,6,336
2023,"NSW","Major Cities of Australia","26-39","Police issued",356,0,3,359
2023,"NSW","Major Cities of Australia","40-64","Police issued",267,0,2,269
2023,"NSW","Major Cities of Australia","65 and over","Police issued",40,0,0,40
2023,"NSW","Outer Regional Australia","0-16","Police issued",0,0,1,1
2023,"NSW","Outer Regional Australia","17-25","Police issued",3,0,0,3
2023,"NSW","Outer Regional Australia","26-39","Police issued",13,0,0,13
2023,"NSW","Outer Regional Australia","40-64","Police issued",9,0,0,9
2023,"NSW","Remote Australia","26-39","Police issued",1,0,0,1
2023,"NSW","Remote Australia","65 and over","Police issued",1,0,0,1
2023,"NSW","Unknown","17-25","Police issued",2,0,0,2
2023,"NSW","Unknown","26-39","Police issued",2,0,0,2
2023,"NSW","Unknown","Unknown","Camera",19048,0,0,19048
2023,"NT","Unknown","17-25","Police issued",4,0,0,4
2023,"NT","Unknown","26-39","Police issued",10,0,0,10
2023,"NT","Unknown","40-64","Police issued",3,0,0,3
2023,"NT","Unknown","65 and over","Police issued",1,0,1,2
2023,"SA","Unknown","0-16","Police issued",0,0,0,0
2023,"SA","Unknown","17-25","Police issued",105,0,0,105
2023,"SA","Unknown","26-39","Police issued",194,0,0,194
2023,"SA","Unknown","40-64","Police issued",187,0,0,187
2023,"SA","Unknown","65 and over","Police issued",20,0,0,20
2023,"SA","Unknown","Unknown","Police issued",0,0,0,0
2023,"TAS","Unknown","17-25","Police issued",29,0,1,30
2023,"TAS","Unknown","26-39","Police issued",68,0,1,69
2023,"NSW","Remote Australia","26-39","Police issued",1,0,0,1
2023,"NSW","Unknown","17-25","Police issued",4,0,0,4
2023,"NSW","Unknown","26-39","Police issued",1,0,0,1
2023,"NSW","Unknown","Unknown","Camera",16242,0,0,16242
2023,"NSW","Very Remote Australia","40-64","Police issued",1,0,0,1
2023,"NT","Unknown","17-25","Police issued",2,1,1,4
2023,"NT","Unknown","26-39","Police issued",6,0,0,6
2023,"NT","Unknown","40-64","Police issued",10,0,0,10
2023,"NT","Unknown","65 and over","Police issued",2,0,0,2
2023,"SA","Unknown","0-16","Police issued",0,0,0,0
2023,"SA","Unknown","17-25","Police issued",108,0,0,108
2023,"SA","Unknown","26-39","Police issued",187,0,0,187
2023,"SA","Unknown","40-64","Police issued",148,0,0,148
2023,"SA","Unknown","65 and over","Police issued",29,0,0,29
2023,"SA","Unknown","Unknown","Police issued",0,0,0,0
2023,"TAS","Unknown","17-25","Camera",1,0,0,1
2023,"TAS","Unknown","17-25","Police issued",29,0,1,30
2023,"TAS","Unknown","26-39","Camera",11,0,0,11
2023,"TAS","Unknown","26-39","Police issued",55,0,2,57
2023,"TAS","Unknown","40-64","Camera",16,0,0,16
2023,"TAS","Unknown","40-64","Police issued",35,0,0,35
2023,"TAS","Unknown","65 and over","Police issued",8,0,0,8
2023,"VIC","Inner Regional Australia","17-25","Police issued",36,0,0,36
2023,"VIC","Inner Regional Australia","26-39","Police issued",72,0,0,72
2023,"VIC","Inner Regional Australia","40-64","Police issued",57,0,0,57
2023,"VIC","Inner Regional Australia","65 and over","Police issued",5,0,0,5
2023,"VIC","Inner Regional Australia","Unknown","Camera",295,0,0,295
2023,"VIC","Inner Regional Australia","Unknown","Police issued",1,0,0,1
2023,"VIC","Major Cities of Australia","17-25","Police issued",246,0,0,246
2023,"VIC","Major Cities of Australia","26-39","Police issued",686,0,0,686
2023,"VIC","Major Cities of Australia","40-64","Police issued",546,0,0,546
2023,"VIC","Major Cities of Australia","65 and over","Police issued",51,0,0,51
2023,"VIC","Major Cities of Australia","Unknown","Camera",3882,0,0,3882
2023,"VIC","Major Cities of Australia","Unknown","Police issued",1,0,0,1
2023,"VIC","Outer Regional Australia","17-25","Police issued",11,0,0,11
2023,"VIC","Outer Regional Australia","26-39","Police issued",28,0,0,28
2023,"VIC","Outer Regional Australia","40-64","Police issued",22,0,0,22
2023,"VIC","Outer Regional Australia","65 and over","Police issued",1,0,0,1
2023,"VIC","Unknown","17-25","Police issued",5,0,0,5
2023,"VIC","Unknown","26-39","Police issued",4,0,0,4
2023,"VIC","Unknown","40-64","Police issued",7,0,0,7
2023,"VIC","Unknown","Unknown","Camera",560,0,0,560
2023,"WA","Unknown","17-25","Police issued",48,0,0,48
2023,"WA","Unknown","17-25","Unknown",0,1,2,3
2023,"WA","Unknown","26-39","Police issued",107,0,0,107
2023,"WA","Unknown","26-39","Unknown",0,2,8,10
2023,"WA","Unknown","40-64","Police issued",96,0,0,96
2023,"WA","Unknown","40-64","Unknown",0,0,5,5
2023,"WA","Unknown","65 and over","Police issued",3,0,0,3
2023,"ACT","Major Cities of Australia","17-25","Police issued",5,0,0,5
2023,"ACT","Major Cities of Australia","26-39","Police issued",10,0,0,10
2023,"ACT","Major Cities of Australia","40-64","Police issued",10,0,0,10
2023,"ACT","Major Cities of Australia","65 and over","Police issued",1,0,0,1
2023,"NSW","Inner Regional Australia","0-16","Police issued",1,0,0,1
2023,"NSW","Inner Regional Australia","17-25","Police issued",35,0,0,35
2023,"NSW","Inner Regional Australia","26-39","Police issued",55,0,1,56
2023,"NSW","Inner Regional Australia","40-64","Police issued",43,0,5,48
2023,"NSW","Inner Regional Australia","65 and over","Police issued",5,0,0,5
2023,"NSW","Major Cities of Australia","0-16","Police issued",1,0,0,1
2023,"NSW","Major Cities of Australia","17-25","Police issued",257,0,5,262
2023,"NSW","Major Cities of Australia","26-39","Police issued",290,0,12,302
2023,"NSW","Major Cities of Australia","40-64","Police issued",195,0,4,199
2023,"NSW","Major Cities of Australia","65 and over","Police issued",19,0,0,19
2023,"NSW","Outer Regional Australia","17-25","Police issued",12,0,0,12
2023,"NSW","Outer Regional Australia","26-39","Police issued",8,0,0,8
2023,"NSW","Outer Regional Australia","40-64","Police issued",9,0,0,9
2023,"NSW","Remote Australia","65 and over","Police issued",1,0,0,1
2023,"NSW","Unknown","17-25","Police issued",1,0,0,1
2023,"NSW","Unknown","Unknown","Camera",16198,0,0,16198
2023,"NT","Unknown","17-25","Police issued",4,0,0,4
2023,"NT","Unknown","26-39","Police issued",6,0,0,6
2023,"NT","Unknown","40-64","Police issued",2,0,0,2
2023,"NT","Unknown","65 and over","Police issued",1,0,0,1
2023,"SA","Unknown","0-16","Police issued",0,0,0,0
2023,"SA","Unknown","17-25","Police issued",107,0,0,107
2023,"SA","Unknown","26-39","Police issued",178,0,0,178
2023,"SA","Unknown","40-64","Police issued",171,0,0,171
2023,"SA","Unknown","65 and over","Police issued",37,0,0,37
2023,"SA","Unknown","Unknown","Police issued",0,0,0,0
2023,"TAS","Unknown","17-25","Camera",12,0,0,12
2023,"TAS","Unknown","17-25","Police issued",21,0,0,21
2023,"TAS","Unknown","26-39","Camera",38,0,0,38
2023,"TAS","Unknown","26-39","Police issued",44,0,2,46
2023,"TAS","Unknown","40-64","Camera",54,0,0,54
2023,"TAS","Unknown","40-64","Police issued",32,0,0,32
2023,"TAS","Unknown","65 and over","Camera",6,0,0,6
2023,"TAS","Unknown","65 and over","Police issued",7,0,0,7
2023,"VIC","Inner Regional Australia","17-25","Police issued",30,0,0,30
2023,"VIC","Inner Regional Australia","26-39","Police issued",65,0,0,65
2023,"VIC","Inner Regional Australia","40-64","Police issued",36,0,0,36
2023,"VIC","Inner Regional Australia","65 and over","Police issued",4,0,0,4
2023,"VIC","Inner Regional Australia","Unknown","Camera",274,0,0,274
2023,"VIC","Major Cities of Australia","17-25","Police issued",256,0,0,256
2023,"VIC","Major Cities of Australia","26-39","Police issued",608,0,0,608
2023,"VIC","Major Cities of Australia","40-64","Police issued",412,0,0,412
2023,"VIC","Major Cities of Australia","65 and over","Police issued",47,0,0,47
2023,"VIC","Major Cities of Australia","Unknown","Camera",4933,0,0,4933
2023,"VIC","Major Cities of Australia","Unknown","Police issued",1,0,0,1
2023,"VIC","Outer Regional Australia","17-25","Police issued",12,0,0,12
2023,"VIC","Outer Regional Australia","26-39","Police issued",13,0,0,13
2023,"VIC","Outer Regional Australia","40-64","Police issued",11,0,0,11
2023,"VIC","Outer Regional Australia","65 and over","Police issued",5,0,0,5
2023,"VIC","Unknown","17-25","Police issued",1,0,0,1
2023,"VIC","Unknown","26-39","Police issued",6,0,0,6
2023,"VIC","Unknown","40-64","Police issued",2,0,0,2
2023,"WA","Unknown","17-25","Police issued",42,0,0,42
2023,"WA","Unknown","17-25","Unknown",0,0,2,2
2023,"WA","Unknown","26-39","Police issued",64,0,0,64
2023,"WA","Unknown","26-39","Unknown",0,0,11,11
2023,"WA","Unknown","40-64","Police issued",65,0,0,65
2023,"WA","Unknown","40-64","Unknown",0,0,2,2
2023,"WA","Unknown","65 and over","Police issued",12,0,0,12
2023,"WA","Unknown","65 and over","Unknown",0,0,1,1
2023,"ACT","Major Cities of Australia","0-16","Police issued",1,0,0,1
2023,"ACT","Major Cities of Australia","17-25","Police issued",4,0,0,4
2023,"ACT","Major Cities of Australia","26-39","Police issued",15,0,0,15
2023,"ACT","Major Cities of Australia","40-64","Police issued",5,0,0,5
2023,"NSW","Inner Regional Australia","17-25","Police issued",49,0,1,50
2023,"NSW","Inner Regional Australia","26-39","Police issued",62,0,1,63
2023,"NSW","Inner Regional Australia","40-64","Police issued",40,0,0,40
2023,"NSW","Inner Regional Australia","65 and over","Police issued",2,0,0,2
2023,"NSW","Major Cities of Australia","0-16","Police issued",1,0,0,1
2023,"NSW","Major Cities of Australia","17-25","Police issued",264,0,1,265
2023,"NSW","Major Cities of Australia","26-39","Police issued",336,0,7,343
2023,"NSW","Major Cities of Australia","40-64","Police issued",225,0,5,230
2023,"NSW","Major Cities of Australia","65 and over","Police issued",15,0,0,15
2023,"NSW","Outer Regional Australia","17-25","Police issued",10,0,0,10
2023,"NSW","Outer Regional Australia","26-39","Police issued",7,0,0,7
2023,"NSW","Outer Regional Australia","40-64","Police issued",9,0,0,9
2023,"NSW","Remote Australia","17-25","Police issued",2,0,0,2
2023,"NSW","Remote Australia","26-39","Police issued",2,0,0,2
2023,"NSW","Unknown","17-25","Police issued",2,0,0,2
2023,"NSW","Unknown","26-39","Police issued",4,0,0,4
2023,"NSW","Unknown","65 and over","Police issued",1,0,0,1
2023,"NSW","Unknown","Unknown","Camera",15740,0,0,15740
2023,"NSW","Very Remote Australia","26-39","Police issued",1,0,0,1
2023,"NT","Unknown","17-25","Police issued",5,0,1,6
2023,"NT","Unknown","26-39","Police issued",8,0,0,8
2023,"NT","Unknown","40-64","Police issued",5,0,0,5
2023,"NT","Unknown","65 and over","Police issued",1,0,0,1
2023,"SA","Unknown","0-16","Police issued",0,0,0,0
2023,"SA","Unknown","17-25","Police issued",117,0,0,117
2023,"SA","Unknown","26-39","Police issued",169,0,0,169
2023,"SA","Unknown","40-64","Police issued",136,0,0,136
2023,"SA","Unknown","65 and over","Police issued",33,0,0,33
2023,"SA","Unknown","Unknown","Police issued",0,0,0,0
2023,"TAS","Unknown","17-25","Camera",27,0,0,27
2023,"TAS","Unknown","17-25","Police issued",35,0,1,36
2023,"TAS","Unknown","26-39","Camera",123,0,0,123
2023,"TAS","Unknown","26-39","Police issued",41,0,0,41
2023,"TAS","Unknown","40-64","Camera",110,0,0,110
2023,"TAS","Unknown","40-64","Police issued",47,0,0,47
2023,"TAS","Unknown","65 and over","Camera",16,0,0,16
2023,"TAS","Unknown","65 and over","Police issued",5,0,0,5
2023,"VIC","Inner Regional Australia","17-25","Camera",37,0,0,37
2023,"VIC","Inner Regional Australia","17-25","Police issued",38,0,0,38
2023,"VIC","Inner Regional Australia","26-39","Camera",155,0,0,155
2023,"VIC","Inner Regional Australia","26-39","Police issued",87,0,0,87
2023,"VIC","Inner Regional Australia","40-64","Camera",175,0,0,175
2023,"VIC","Inner Regional Australia","40-64","Police issued",64,0,0,64
2023,"VIC","Inner Regional Australia","65 and over","Camera",27,0,0,27
2023,"VIC","Inner Regional Australia","65 and over","Police issued",6,0,0,6
2023,"VIC","Inner Regional Australia","Unknown","Camera",329,0,0,329
2023,"VIC","Major Cities of Australia","17-25","Camera",261,0,0,261
2023,"VIC","Major Cities of Australia","17-25","Police issued",228,0,0,228
2023,"VIC","Major Cities of Australia","26-39","Camera",1466,0,0,1466
2023,"VIC","Major Cities of Australia","26-39","Police issued",565,0,0,565
2023,"VIC","Major Cities of Australia","40-64","Camera",1753,0,0,1753
2023,"VIC","Major Cities of Australia","40-64","Police issued",425,0,0,425
2023,"VIC","Major Cities of Australia","65 and over","Camera",255,0,0,255
2023,"VIC","Major Cities of Australia","65 and over","Police issued",39,0,0,39
2023,"VIC","Major Cities of Australia","Unknown","Camera",1786,0,0,1786
2023,"VIC","Outer Regional Australia","17-25","Police issued",8,0,0,8
2023,"TAS","Unknown","40-64","Police issued",42,0,0,42
2023,"TAS","Unknown","65 and over","Police issued",6,0,0,6
2023,"VIC","Inner Regional Australia","17-25","Police issued",30,0,0,30
2023,"VIC","Inner Regional Australia","26-39","Police issued",93,0,0,93
2023,"VIC","Inner Regional Australia","40-64","Police issued",62,0,0,62
2023,"VIC","Inner Regional Australia","65 and over","Police issued",12,0,0,12
2023,"VIC","Major Cities of Australia","17-25","Police issued",252,0,0,252
2023,"VIC","Major Cities of Australia","26-39","Police issued",518,0,0,518
2023,"VIC","Major Cities of Australia","40-64","Police issued",405,0,0,405
2023,"VIC","Major Cities of Australia","65 and over","Police issued",42,0,0,42
2023,"VIC","Major Cities of Australia","Unknown","Police issued",3,0,0,3
2023,"VIC","Outer Regional Australia","17-25","Police issued",10,0,0,10
2023,"VIC","Outer Regional Australia","26-39","Police issued",21,0,0,21
2023,"VIC","Outer Regional Australia","40-64","Police issued",10,0,0,10
2023,"VIC","Outer Regional Australia","65 and over","Police issued",1,0,0,1
2023,"VIC","Unknown","17-25","Police issued",1,0,0,1
2023,"VIC","Unknown","26-39","Police issued",1,0,0,1
2023,"WA","Unknown","17-25","Police issued",69,0,0,69
2023,"WA","Unknown","17-25","Unknown",0,0,1,1
2023,"WA","Unknown","26-39","Police issued",171,0,0,171
2023,"WA","Unknown","26-39","Unknown",0,0,6,6
2023,"WA","Unknown","40-64","Police issued",121,0,0,121
2023,"WA","Unknown","40-64","Unknown",0,0,3,3
2023,"WA","Unknown","65 and over","Police issued",17,0,0,17
2023,"WA","Unknown","65 and over","Unknown",0,0,1,1
2023,"ACT","Major Cities of Australia","0-16","Police issued",2,0,0,2
2023,"ACT","Major Cities of Australia","17-25","Police issued",5,0,0,5
2023,"ACT","Major Cities of Australia","26-39","Police issued",9,0,0,9
2023,"ACT","Major Cities of Australia","40-64","Police issued",7,0,0,7
2023,"NSW","Inner Regional Australia","17-25","Police issued",48,0,1,49
2023,"NSW","Inner Regional Australia","26-39","Police issued",71,0,0,71
2023,"NSW","Inner Regional Australia","40-64","Police issued",60,0,0,60
2023,"NSW","Inner Regional Australia","65 and over","Police issued",6,0,0,6
2023,"NSW","Major Cities of Australia","17-25","Police issued",338,0,1,339
2023,"NSW","Major Cities of Australia","26-39","Police issued",401,0,7,408
2023,"NSW","Major Cities of Australia","40-64","Police issued",333,0,4,337
2023,"NSW","Major Cities of Australia","65 and over","Police issued",24,0,0,24
2023,"NSW","Outer Regional Australia","17-25","Police issued",5,0,0,5
2023,"NSW","Outer Regional Australia","26-39","Police issued",6,0,0,6
2023,"NSW","Outer Regional Australia","40-64","Police issued",12,0,0,12
2023,"NSW","Outer Regional Australia","65 and over","Police issued",1,0,0,1
2023,"NSW","Remote Australia","26-39","Police issued",2,0,0,2
2023,"NSW","Unknown","17-25","Police issued",2,0,0,2
2023,"NSW","Unknown","40-64","Police issued",1,0,0,1
2023,"NSW","Unknown","Unknown","Camera",16286,0,0,16286
2023,"NSW","Very Remote Australia","40-64","Police issued",1,0,0,1
2023,"NT","Unknown","17-25","Police issued",1,0,1,2
2023,"NT","Unknown","26-39","Police issued",2,0,0,2
2023,"NT","Unknown","40-64","Police issued",6,0,0,6
2023,"NT","Unknown","65 and over","Police issued",0,1,1,2
2023,"SA","Unknown","0-16","Police issued",2,0,0,2
2023,"SA","Unknown","17-25","Police issued",102,0,0,102
2023,"SA","Unknown","26-39","Police issued",182,0,0,182
2023,"SA","Unknown","40-64","Police issued",131,0,0,131
2023,"SA","Unknown","65 and over","Police issued",20,0,0,20
2023,"SA","Unknown","Unknown","Police issued",0,0,0,0
2023,"TAS","Unknown","17-25","Police issued",29,0,1,30
2023,"TAS","Unknown","26-39","Police issued",54,0,0,54
2023,"TAS","Unknown","40-64","Police issued",44,0,0,44
2023,"TAS","Unknown","65 and over","Police issued",6,0,0,6
2023,"VIC","Inner Regional Australia","17-25","Police issued",24,0,0,24
2023,"VIC","Inner Regional Australia","26-39","Police issued",61,0,0,61
2023,"VIC","Inner Regional Australia","40-64","Police issued",37,0,0,37
2023,"VIC","Inner Regional Australia","65 and over","Police issued",4,0,0,4
2023,"VIC","Major Cities of Australia","17-25","Police issued",196,0,0,196
2023,"VIC","Major Cities of Australia","26-39","Police issued",465,0,0,465
2023,"VIC","Major Cities of Australia","40-64","Police issued",381,0,0,381
2023,"VIC","Major Cities of Australia","65 and over","Police issued",37,0,0,37
2023,"VIC","Outer Regional Australia","17-25","Police issued",6,0,0,6
2023,"VIC","Outer Regional Australia","26-39","Police issued",13,0,0,13
2023,"VIC","Outer Regional Australia","40-64","Police issued",11,0,0,11
2023,"VIC","Outer Regional Australia","65 and over","Police issued",2,0,0,2
2023,"VIC","Unknown","17-25","Police issued",3,0,0,3
2023,"VIC","Unknown","26-39","Police issued",6,0,0,6
2023,"VIC","Unknown","40-64","Police issued",6,0,0,6
2023,"WA","Unknown","17-25","Police issued",63,0,0,63
2023,"WA","Unknown","17-25","Unknown",0,0,5,5
2023,"WA","Unknown","26-39","Police issued",124,0,0,124
2023,"WA","Unknown","26-39","Unknown",0,0,1,1
2023,"WA","Unknown","40-64","Police issued",103,0,0,103
2023,"WA","Unknown","40-64","Unknown",0,0,4,4
2023,"WA","Unknown","65 and over","Police issued",13,0,0,13
2023,"ACT","Major Cities of Australia","17-25","Police issued",10,0,0,10
2023,"ACT","Major Cities of Australia","26-39","Police issued",8,0,0,8
2023,"ACT","Major Cities of Australia","40-64","Police issued",6,0,0,6
2023,"ACT","Major Cities of Australia","65 and over","Police issued",1,0,0,1
2023,"NSW","Inner Regional Australia","17-25","Police issued",38,0,1,39
2023,"NSW","Inner Regional Australia","26-39","Police issued",41,0,0,41
2023,"NSW","Inner Regional Australia","40-64","Police issued",26,0,0,26
2023,"NSW","Inner Regional Australia","65 and over","Police issued",4,0,0,4
2023,"NSW","Major Cities of Australia","17-25","Police issued",253,0,3,256
2023,"NSW","Major Cities of Australia","26-39","Police issued",316,0,6,322
2023,"NSW","Major Cities of Australia","40-64","Police issued",260,0,2,262
2023,"NSW","Major Cities of Australia","65 and over","Police issued",19,0,0,19
2023,"NSW","Outer Regional Australia","17-25","Police issued",5,0,0,5
2023,"NSW","Outer Regional Australia","26-39","Police issued",8,0,0,8
2023,"NSW","Outer Regional Australia","40-64","Police issued",5,0,0,5
2023,"NSW","Outer Regional Australia","65 and over","Police issued",2,0,0,2
2023,"NSW","Remote Australia","17-25","Police issued",0,0,1,1
2023,"NSW","Remote Australia","40-64","Police issued",1,0,0,1
2023,"NSW","Unknown","Unknown","Camera",16377,0,0,16377
2023,"NT","Unknown","17-25","Police issued",1,1,1,3
2023,"NT","Unknown","26-39","Police issued",9,0,0,9
2023,"NT","Unknown","40-64","Police issued",4,0,0,4
2023,"SA","Unknown","0-16","Police issued",0,0,0,0
2023,"SA","Unknown","17-25","Police issued",109,0,0,109
2023,"SA","Unknown","26-39","Police issued",194,0,0,194
2023,"SA","Unknown","40-64","Police issued",146,0,0,146
2023,"SA","Unknown","65 and over","Police issued",18,0,0,18
2023,"SA","Unknown","Unknown","Police issued",0,0,0,0
2023,"TAS","Unknown","17-25","Police issued",28,0,0,28
2023,"TAS","Unknown","26-39","Police issued",51,0,1,52
2023,"TAS","Unknown","40-64","Police issued",42,0,1,43
2023,"TAS","Unknown","65 and over","Police issued",12,0,0,12
2023,"VIC","Inner Regional Australia","17-25","Police issued",30,0,0,30
2023,"VIC","Inner Regional Australia","26-39","Police issued",59,0,0,59
2023,"VIC","Inner Regional Australia","40-64","Police issued",51,0,0,51
2023,"VIC","Inner Regional Australia","65 and over","Police issued",11,0,0,11
2023,"VIC","Inner Regional Australia","Unknown","Camera",150,0,0,150
2023,"VIC","Major Cities of Australia","0-16","Police issued",1,0,0,1
2023,"VIC","Major Cities of Australia","17-25","Police issued",216,0,0,216
2023,"VIC","Major Cities of Australia","26-39","Police issued",520,0,0,520
2023,"VIC","Major Cities of Australia","40-64","Police issued",368,0,0,368
2023,"VIC","Major Cities of Australia","65 and over","Police issued",55,0,0,55
2023,"VIC","Major Cities of Australia","Unknown","Camera",3157,0,0,3157
2023,"VIC","Outer Regional Australia","17-25","Police issued",7,0,0,7
2023,"VIC","Outer Regional Australia","26-39","Police issued",10,0,0,10
2023,"VIC","Outer Regional Australia","40-64","Police issued",16,0,0,16
2023,"VIC","Outer Regional Australia","Unknown","Camera",6,0,0,6
2023,"VIC","Unknown","17-25","Police issued",4,0,0,4
2023,"VIC","Unknown","26-39","Police issued",9,0,0,9
2023,"VIC","Unknown","40-64","Police issued",4,0,0,4
2023,"VIC","Unknown","Unknown","Camera",283,0,0,283
2023,"WA","Unknown","17-25","Police issued",60,0,0,60
2023,"WA","Unknown","17-25","Unknown",0,0,5,5
2023,"WA","Unknown","26-39","Police issued",115,0,0,115
2023,"WA","Unknown","26-39","Unknown",0,0,4,4
2023,"WA","Unknown","40-64","Police issued",92,0,0,92
2023,"WA","Unknown","40-64","Unknown",0,0,4,4
2023,"WA","Unknown","65 and over","Police issued",10,0,0,10
2023,"WA","Unknown","65 and over","Unknown",0,0,1,1
2023,"ACT","Major Cities of Australia","17-25","Police issued",9,0,0,9
2023,"ACT","Major Cities of Australia","26-39","Police issued",8,0,0,8
2023,"ACT","Major Cities of Australia","40-64","Police issued",6,0,0,6
2023,"NSW","Inner Regional Australia","0-16","Police issued",2,0,0,2
2023,"NSW","Inner Regional Australia","17-25","Police issued",35,0,2,37
2023,"NSW","Inner Regional Australia","26-39","Police issued",39,0,0,39
2023,"NSW","Inner Regional Australia","40-64","Police issued",33,0,0,33
2023,"NSW","Inner Regional Australia","65 and over","Police issued",7,0,0,7
2023,"NSW","Major Cities of Australia","0-16","Police issued",1,0,1,2
2023,"NSW","Major Cities of Australia","17-25","Police issued",298,0,2,300
2023,"NSW","Major Cities of Australia","26-39","Police issued",298,0,8,306
2023,"NSW","Major Cities of Australia","40-64","Police issued",227,0,3,230
2023,"NSW","Major Cities of Australia","65 and over","Police issued",14,0,0,14
2023,"NSW","Outer Regional Australia","17-25","Police issued",4,0,0,4
2023,"NSW","Outer Regional Australia","26-39","Police issued",12,0,0,12
2023,"NSW","Outer Regional Australia","40-64","Police issued",4,0,0,4
2023,"NSW","Outer Regional Australia","65 and over","Police issued",3,0,0,3
2023,"VIC","Outer Regional Australia","26-39","Police issued",12,0,0,12
2023,"VIC","Outer Regional Australia","40-64","Police issued",18,0,0,18
2023,"VIC","Outer Regional Australia","65 and over","Police issued",5,0,0,5
2023,"VIC","Unknown","26-39","Camera",3,0,0,3
2023,"VIC","Unknown","26-39","Police issued",6,0,0,6
2023,"VIC","Unknown","40-64","Camera",21,0,0,21
2023,"VIC","Unknown","40-64","Police issued",1,0,0,1
2023,"VIC","Unknown","65 and over","Camera",3,0,0,3
2023,"VIC","Unknown","Unknown","Camera",8,0,0,8
2023,"WA","Unknown","17-25","Police issued",52,0,0,52
2023,"WA","Unknown","26-39","Police issued",92,0,0,92
2023,"WA","Unknown","26-39","Unknown",0,0,2,2
2023,"WA","Unknown","40-64","Police issued",101,0,0,101
2023,"WA","Unknown","40-64","Unknown",0,0,3,3
2023,"WA","Unknown","65 and over","Police issued",10,0,0,10
2023,"ACT","Major Cities of Australia","0-16","Police issued",1,0,0,1
2023,"ACT","Major Cities of Australia","17-25","Police issued",6,0,0,6
2023,"ACT","Major Cities of Australia","26-39","Police issued",7,0,0,7
2023,"ACT","Major Cities of Australia","40-64","Police issued",5,0,0,5
2023,"ACT","Major Cities of Australia","65 and over","Police issued",1,0,0,1
2023,"NSW","Inner Regional Australia","0-16","Police issued",3,0,0,3
2023,"NSW","Inner Regional Australia","17-25","Police issued",53,0,0,53
2023,"NSW","Inner Regional Australia","26-39","Police issued",67,0,0,67
2023,"NSW","Inner Regional Australia","40-64","Police issued",59,0,0,59
2023,"NSW","Inner Regional Australia","65 and over","Police issued",5,0,0,5
2023,"NSW","Major Cities of Australia","0-16","Police issued",1,0,0,1
2023,"NSW","Major Cities of Australia","17-25","Police issued",237,0,5,242
2023,"NSW","Major Cities of Australia","26-39","Police issued",302,0,2,304
2023,"NSW","Major Cities of Australia","40-64","Police issued",237,0,2,239
2023,"NSW","Major Cities of Australia","65 and over","Police issued",28,0,0,28
2023,"NSW","Outer Regional Australia","17-25","Police issued",4,0,1,5
2023,"NSW","Outer Regional Australia","26-39","Police issued",9,0,0,9
2023,"NSW","Outer Regional Australia","40-64","Police issued",8,0,0,8
2023,"NSW","Remote Australia","17-25","Police issued",1,0,0,1
2023,"NSW","Remote Australia","26-39","Police issued",3,0,0,3
2023,"NSW","Unknown","17-25","Police issued",1,0,0,1
2023,"NSW","Unknown","Unknown","Camera",15466,0,0,15466
2023,"NT","Unknown","17-25","Police issued",4,0,1,5
2023,"NT","Unknown","26-39","Police issued",7,1,1,9
2023,"NT","Unknown","40-64","Police issued",6,0,0,6
2023,"NT","Unknown","65 and over","Police issued",1,0,0,1
2023,"SA","Unknown","0-16","Police issued",0,0,0,0
2023,"SA","Unknown","17-25","Police issued",104,0,0,104
2023,"SA","Unknown","26-39","Police issued",177,0,0,177
2023,"SA","Unknown","40-64","Police issued",139,0,0,139
2023,"SA","Unknown","65 and over","Police issued",21,0,0,21
2023,"SA","Unknown","Unknown","Police issued",0,0,0,0
2023,"TAS","Unknown","17-25","Camera",29,0,0,29
2023,"TAS","Unknown","17-25","Police issued",34,0,6,40
2023,"TAS","Unknown","26-39","Camera",132,0,0,132
2023,"TAS","Unknown","26-39","Police issued",69,0,2,71
2023,"TAS","Unknown","40-64","Camera",146,0,0,146
2023,"TAS","Unknown","40-64","Police issued",50,0,1,51
2023,"TAS","Unknown","65 and over","Camera",21,0,0,21
2023,"TAS","Unknown","65 and over","Police issued",6,0,0,6
2023,"VIC","Inner Regional Australia","17-25","Camera",30,0,0,30
2023,"VIC","Inner Regional Australia","17-25","Police issued",37,0,0,37
2023,"VIC","Inner Regional Australia","26-39","Camera",213,0,0,213
2023,"VIC","Inner Regional Australia","26-39","Police issued",61,0,0,61
2023,"VIC","Inner Regional Australia","40-64","Camera",262,0,0,262
2023,"VIC","Inner Regional Australia","40-64","Police issued",39,0,0,39
2023,"VIC","Inner Regional Australia","65 and over","Camera",48,0,0,48
2023,"VIC","Inner Regional Australia","65 and over","Police issued",1,0,0,1
2023,"VIC","Inner Regional Australia","Unknown","Camera",142,0,0,142
2023,"VIC","Major Cities of Australia","17-25","Camera",220,0,0,220
2023,"VIC","Major Cities of Australia","17-25","Police issued",291,0,0,291
2023,"VIC","Major Cities of Australia","26-39","Camera",1366,0,0,1366
2023,"VIC","Major Cities of Australia","26-39","Police issued",681,0,0,681
2023,"VIC","Major Cities of Australia","40-64","Camera",1654,0,0,1654
2023,"VIC","Major Cities of Australia","40-64","Police issued",523,0,0,523
2023,"VIC","Major Cities of Australia","65 and over","Camera",247,0,0,247
2023,"VIC","Major Cities of Australia","65 and over","Police issued",50,0,0,50
2023,"VIC","Major Cities of Australia","Unknown","Camera",1194,0,0,1194
2023,"VIC","Outer Regional Australia","17-25","Police issued",5,0,0,5
2023,"VIC","Outer Regional Australia","26-39","Police issued",26,0,0,26
2023,"VIC","Outer Regional Australia","40-64","Camera",3,0,0,3
2023,"VIC","Outer Regional Australia","40-64","Police issued",18,0,0,18
2023,"VIC","Outer Regional Australia","65 and over","Police issued",5,0,0,5
2023,"VIC","Outer Regional Australia","Unknown","Camera",2,0,0,2
2023,"VIC","Unknown","17-25","Camera",11,0,0,11
2023,"VIC","Unknown","26-39","Camera",76,0,0,76
2023,"VIC","Unknown","26-39","Police issued",6,0,0,6
2023,"VIC","Unknown","40-64","Camera",77,0,0,77
2023,"VIC","Unknown","40-64","Police issued",2,0,0,2
2023,"VIC","Unknown","65 and over","Camera",6,0,0,6
2023,"VIC","Unknown","Unknown","Camera",32,0,0,32
2023,"WA","Unknown","17-25","Police issued",57,0,0,57
2023,"WA","Unknown","17-25","Unknown",0,0,2,2
2023,"WA","Unknown","26-39","Police issued",108,0,0,108
2023,"WA","Unknown","26-39","Unknown",0,0,1,1
2023,"WA","Unknown","40-64","Police issued",90,0,0,90
2023,"WA","Unknown","40-64","Unknown",0,1,3,4
2023,"WA","Unknown","65 and over","Police issued",6,0,0,6
2023,"ACT","Major Cities of Australia","17-25","Police issued",4,0,0,4
2023,"ACT","Major Cities of Australia","26-39","Police issued",3,0,0,3
2023,"ACT","Major Cities of Australia","40-64","Police issued",1,0,0,1
2023,"ACT","Major Cities of Australia","65 and over","Police issued",1,0,0,1
2023,"NSW","Inner Regional Australia","0-16","Police issued",2,0,0,2
2023,"NSW","Inner Regional Australia","17-25","Police issued",48,0,1,49
2023,"NSW","Inner Regional Australia","26-39","Police issued",55,0,0,55
2023,"NSW","Inner Regional Australia","40-64","Police issued",38,0,0,38
2023,"NSW","Inner Regional Australia","65 and over","Police issued",5,0,0,5
2023,"NSW","Major Cities of Australia","0-16","Police issued",2,0,0,2
2023,"NSW","Major Cities of Australia","17-25","Police issued",340,0,9,349
2023,"NSW","Major Cities of Australia","26-39","Police issued",338,0,0,338
2023,"NSW","Major Cities of Australia","40-64","Police issued",223,0,6,229
2023,"NSW","Major Cities of Australia","65 and over","Police issued",29,0,1,30
2023,"NSW","Outer Regional Australia","17-25","Police issued",10,0,0,10
2023,"NSW","Outer Regional Australia","26-39","Police issued",8,0,0,8
2023,"NSW","Outer Regional Australia","40-64","Police issued",6,0,0,6
2023,"NSW","Outer Regional Australia","65 and over","Police issued",1,0,0,1
2023,"NSW","Unknown","17-25","Police issued",33,0,0,33
2023,"NSW","Unknown","26-39","Police issued",57,0,1,58
2023,"NSW","Unknown","40-64","Police issued",26,0,1,27
2023,"NSW","Unknown","65 and over","Police issued",2,0,0,2
2023,"NSW","Unknown","Unknown","Camera",15188,0,0,15188
2023,"NSW","Very Remote Australia","17-25","Police issued",1,0,0,1
2023,"NT","Unknown","17-25","Police issued",6,0,1,7
2023,"NT","Unknown","26-39","Police issued",12,0,1,13
2023,"NT","Unknown","40-64","Police issued",7,0,0,7
2023,"NT","Unknown","65 and over","Police issued",1,1,1,3
2023,"SA","Unknown","0-16","Police issued",0,0,0,0
2023,"SA","Unknown","17-25","Police issued",104,0,0,104
2023,"SA","Unknown","26-39","Police issued",158,0,0,158
2023,"SA","Unknown","40-64","Police issued",120,0,0,120
2023,"SA","Unknown","65 and over","Police issued",21,0,0,21
2023,"SA","Unknown","Unknown","Police issued",0,0,0,0
2023,"TAS","Unknown","17-25","Camera",11,0,0,11
2023,"TAS","Unknown","17-25","Police issued",23,0,0,23
2023,"TAS","Unknown","26-39","Camera",57,0,0,57
2023,"TAS","Unknown","26-39","Police issued",54,0,2,56
2023,"TAS","Unknown","40-64","Camera",48,0,0,48
2023,"TAS","Unknown","40-64","Police issued",30,0,0,30
2023,"TAS","Unknown","65 and over","Camera",12,0,0,12
2023,"TAS","Unknown","65 and over","Police issued",7,0,0,7
2023,"VIC","Inner Regional Australia","17-25","Camera",114,0,0,114
2023,"VIC","Inner Regional Australia","17-25","Police issued",37,0,0,37
2023,"VIC","Inner Regional Australia","26-39","Camera",462,0,0,462
2023,"VIC","Inner Regional Australia","26-39","Police issued",81,0,0,81
2023,"VIC","Inner Regional Australia","40-64","Camera",552,0,0,552
2023,"VIC","Inner Regional Australia","40-64","Police issued",70,0,0,70
2023,"VIC","Inner Regional Australia","65 and over","Camera",95,0,0,95
2023,"VIC","Inner Regional Australia","65 and over","Police issued",6,0,0,6
2023,"VIC","Inner Regional Australia","Unknown","Camera",308,0,0,308
2023,"VIC","Major Cities of Australia","0-16","Police issued",1,0,0,1
2023,"VIC","Major Cities of Australia","17-25","Camera",220,0,0,220
2023,"VIC","Major Cities of Australia","17-25","Police issued",259,0,0,259
2023,"VIC","Major Cities of Australia","26-39","Camera",1102,0,0,1102
2023,"VIC","Major Cities of Australia","26-39","Police issued",718,0,0,718
2023,"VIC","Major Cities of Australia","40-64","Camera",1417,0,0,1417
2023,"VIC","Major Cities of Australia","40-64","Police issued",547,0,0,547
2023,"VIC","Major Cities of Australia","65 and over","Camera",196,0,0,196
2023,"VIC","Major Cities of Australia","65 and over","Police issued",48,0,0,48
2023,"VIC","Major Cities of Australia","Unknown","Camera",855,0,0,855
2023,"VIC","Outer Regional Australia","17-25","Police issued",6,0,0,6
2023,"VIC","Outer Regional Australia","26-39","Police issued",9,0,0,9
2023,"VIC","Outer Regional Australia","40-64","Police issued",10,0,0,10
2023,"VIC","Outer Regional Australia","65 and over","Police issued",3,0,0,3
2023,"VIC","Unknown","17-25","Police issued",1,0,0,1
2023,"VIC","Unknown","26-39","Police issued",8,0,0,8
2023,"VIC","Unknown","40-64","Police issued",2,0,0,2
2023,"WA","Unknown","17-25","Police issued",35,0,0,35
2023,"WA","Unknown","17-25","Unknown",0,0,3,3
2023,"WA","Unknown","26-39","Police issued",78,0,0,78
2023,"WA","Unknown","26-39","Unknown",0,0,2,2
2023,"WA","Unknown","40-64","Police issued",55,0,0,55
2023,"WA","Unknown","40-64","Unknown",0,0,5,5
2023,"WA","Unknown","65 and over","Police issued",5,0,0,5
2024,"ACT","Major Cities of Australia","17-25","Police issued",8,0,0,8
2024,"ACT","Major Cities of Australia","26-39","Police issued",6,0,0,6
2024,"ACT","Major Cities of Australia","40-64","Police issued",7,0,0,7
2024,"NSW","Inner Regional Australia","17-25","Police issued",40,0,0,40
2024,"NSW","Inner Regional Australia","26-39","Police issued",47,0,0,47
2024,"NSW","Inner Regional Australia","40-64","Police issued",39,0,0,39
2024,"NSW","Inner Regional Australia","65 and over","Police issued",8,0,0,8
2024,"NSW","Major Cities of Australia","17-25","Police issued",326,0,7,333
2024,"NSW","Major Cities of Australia","26-39","Police issued",313,0,4,317
2024,"NSW","Major Cities of Australia","40-64","Police issued",192,0,3,195
