"YEAR","JURISDICTION","LOCATION","AGE_GROUP","DETECTION_METHOD","FINES","ARRESTS","CHARGES","OFFENSES_SUM"
2024,"NSW","Major Cities of Australia","40-64","Police issued",151,0,2,153
2024,"NSW","Major Cities of Australia","65 and over","Police issued",24,0,0,24
2024,"NSW","Outer Regional Australia","0-16","Police issued",1,0,1,2
2024,"NSW","Outer Regional Australia","17-25","Police issued",17,0,0,17
2024,"NSW","Outer Regional Australia","26-39","Police issued",43,0,0,43
2024,"NSW","Outer Regional Australia","40-64","Police issued",20,0,6,26
2024,"NSW","Outer Regional Australia","65 and over","Police issued",8,0,0,8
2024,"NSW","Remote Australia","17-25","Police issued",6,0,1,7
2024,"NSW","Remote Australia","26-39","Police issued",9,0,0,9
2024,"NSW","Remote Australia","40-64","Police issued",3,0,0,3
2024,"NSW","Remote Australia","65 and over","Police issued",3,0,0,3
2024,"NSW","Unknown","17-25","Police issued",11,0,0,11
2024,"NSW","Unknown","26-39","Police issued",17,0,0,17
2024,"NSW","Unknown","40-64","Police issued",15,0,0,15
2024,"NSW","Unknown","65 and over","Police issued",3,0,0,3
2024,"NSW","Very Remote Australia","17-25","Police issued",1,0,0,1
2024,"NSW","Very Remote Australia","26-39","Police issued",2,0,0,2
2024,"NSW","Very Remote Australia","40-64","Police issued",1,0,0,1
2024,"NT","Unknown","0-16","Police issued",0,0,3,3
2024,"NT","Unknown","17-25","Police issued",6,0,3,9
2024,"NT","Unknown","26-39","Police issued",17,0,14,31
2024,"NT","Unknown","40-64","Police issued",13,0,7,20
2024,"NT","Unknown","65 and over","Police issued",1,0,0,1
2024,"QLD","Unknown","0-16","Camera",42,0,0,42
2024,"QLD","Unknown","17-25","Camera",386,0,0,386
2024,"QLD","Unknown","17-25","Police issued",99,0,0,99
2024,"QLD","Unknown","26-39","Camera",1150,0,0,1150
2024,"QLD","Unknown","26-39","Police issued",116,0,0,116
2024,"QLD","Unknown","40-64","Camera",1157,0,0,1157
2024,"QLD","Unknown","40-64","Police issued",93,0,0,93
2024,"QLD","Unknown","65 and over","Camera",247,0,0,247
2024,"QLD","Unknown","65 and over","Police issued",14,0,0,14
2024,"QLD","Unknown","Unknown","Camera",19,0,0,19
2024,"SA","Inner Regional Australia","0-16","Police issued",1,0,0,1
2024,"SA","Inner Regional Australia","17-25","Police issued",7,0,0,7
2024,"SA","Inner Regional Australia","26-39","Police issued",13,0,0,13
2024,"SA","Inner Regional Australia","40-64","Police issued",21,0,0,21
2024,"SA","Inner Regional Australia","65 and over","Police issued",7,0,0,7
2024,"SA","Major Cities of Australia","0-16","Police issued",2,0,0,2
2024,"SA","Major Cities of Australia","17-25","Police issued",30,0,0,30
2024,"SA","Major Cities of Australia","26-39","Police issued",32,0,0,32
2024,"SA","Major Cities of Australia","40-64","Police issued",42,0,0,42
2024,"SA","Major Cities of Australia","65 and over","Police issued",24,0,0,24
2024,"SA","Outer Regional Australia","0-16","Police issued",1,0,0,1
2024,"SA","Outer Regional Australia","17-25","Police issued",12,0,0,12
2024,"SA","Outer Regional Australia","26-39","Police issued",13,0,0,13
2024,"SA","Outer Regional Australia","40-64","Police issued",15,0,0,15
2024,"SA","Outer Regional Australia","65 and over","Police issued",7,0,0,7
2024,"SA","Remote Australia","17-25","Police issued",2,0,0,2
2024,"SA","Remote Australia","26-39","Police issued",4,0,0,4
2024,"SA","Remote Australia","40-64","Police issued",4,0,0,4
2024,"SA","Remote Australia","65 and over","Police issued",5,0,0,5
2024,"SA","Unknown","40-64","Police issued",1,0,0,1
2024,"SA","Unknown","65 and over","Police issued",1,0,0,1
2024,"SA","Very Remote Australia","17-25","Police issued",1,0,0,1
2024,"SA","Very Remote Australia","26-39","Police issued",7,0,0,7
2024,"SA","Very Remote Australia","40-64","Police issued",5,0,0,5
2024,"SA","Very Remote Australia","65 and over","Police issued",1,0,0,1
2024,"TAS","Unknown","0-16","Camera",1,0,0,1
2024,"TAS","Unknown","17-25","Camera",50,0,0,50
2024,"TAS","Unknown","17-25","Police issued",18,0,2,20
2024,"TAS","Unknown","26-39","Camera",146,0,0,146
2024,"TAS","Unknown","26-39","Police issued",30,0,3,33
2024,"TAS","Unknown","40-64","Camera",143,0,0,143
2024,"TAS","Unknown","40-64","Police issued",27,0,0,27
2024,"TAS","Unknown","65 and over","Camera",71,0,0,71
2024,"TAS","Unknown","65 and over","Police issued",16,0,1,17
2024,"VIC","Inner Regional Australia","0-16","Camera",0,0,0,0
2024,"VIC","Inner Regional Australia","0-16","Camera",0,0,0,0
2024,"VIC","Inner Regional Australia","17-25","Camera",0,0,0,0
2024,"VIC","Inner Regional Australia","17-25","Camera",64,0,0,64
2024,"VIC","Inner Regional Australia","26-39","Camera",0,0,0,0
2024,"VIC","Inner Regional Australia","26-39","Camera",217,0,0,217
2024,"VIC","Inner Regional Australia","40-64","Camera",0,0,0,0
2024,"VIC","Inner Regional Australia","40-64","Camera",338,0,0,338
2024,"VIC","Inner Regional Australia","65 and over","Camera",0,0,0,0
2024,"VIC","Inner Regional Australia","65 and over","Camera",124,0,0,124
2024,"VIC","Inner Regional Australia","Unknown","Camera",0,0,0,0
2024,"VIC","Inner Regional Australia","Unknown","Camera",163,0,0,163
2024,"VIC","Major Cities of Australia","0-16","Camera",0,0,0,0
2024,"VIC","Major Cities of Australia","0-16","Camera",0,0,0,0
2024,"VIC","Major Cities of Australia","17-25","Camera",0,0,0,0
2024,"VIC","Major Cities of Australia","17-25","Camera",260,0,0,260
2024,"VIC","Major Cities of Australia","26-39","Camera",0,0,0,0
2024,"VIC","Major Cities of Australia","26-39","Camera",1167,0,0,1167
2024,"VIC","Major Cities of Australia","40-64","Camera",0,0,0,0
2024,"VIC","Major Cities of Australia","40-64","Camera",1662,0,0,1662
2024,"VIC","Major Cities of Australia","65 and over","Camera",0,0,0,0
2024,"VIC","Major Cities of Australia","65 and over","Camera",521,0,0,521
2024,"VIC","Major Cities of Australia","Unknown","Camera",0,0,0,0
2024,"VIC","Major Cities of Australia","Unknown","Camera",954,0,0,954
2024,"VIC","Outer Regional Australia","0-16","Camera",0,0,0,0
2024,"VIC","Outer Regional Australia","0-16","Camera",0,0,0,0
2024,"VIC","Outer Regional Australia","17-25","Camera",0,0,0,0
2024,"VIC","Outer Regional Australia","17-25","Camera",0,0,0,0
2024,"VIC","Outer Regional Australia","26-39","Camera",0,0,0,0
2024,"VIC","Outer Regional Australia","26-39","Camera",0,0,0,0
2024,"VIC","Outer Regional Australia","40-64","Camera",0,0,0,0
2024,"VIC","Outer Regional Australia","40-64","Camera",0,0,0,0
2024,"VIC","Outer Regional Australia","65 and over","Camera",0,0,0,0
2024,"VIC","Outer Regional Australia","65 and over","Camera",0,0,0,0
2024,"VIC","Outer Regional Australia","Unknown","Camera",0,0,0,0
2024,"VIC","Outer Regional Australia","Unknown","Camera",0,0,0,0
2024,"VIC","Remote Australia","0-16","Camera",0,0,0,0
2024,"VIC","Remote Australia","0-16","Camera",0,0,0,0
2024,"VIC","Remote Australia","17-25","Camera",0,0,0,0
2024,"VIC","Remote Australia","17-25","Camera",0,0,0,0
2024,"VIC","Remote Australia","26-39","Camera",0,0,0,0
2024,"VIC","Remote Australia","26-39","Camera",0,0,0,0
2024,"VIC","Remote Australia","40-64","Camera",0,0,0,0
2024,"VIC","Remote Australia","40-64","Camera",0,0,0,0
2024,"VIC","Remote Australia","65 and over","Camera",0,0,0,0
2024,"VIC","Remote Australia","65 and over","Camera",0,0,0,0
2024,"VIC","Remote Australia","Unknown","Camera",0,0,0,0
2024,"VIC","Remote Australia","Unknown","Camera",0,0,0,0
2024,"VIC","Unknown","0-16","Camera",0,0,0,0
2024,"VIC","Unknown","0-16","Camera",0,0,0,0
2024,"VIC","Unknown","0-16","Police issued",1,0,0,1
2024,"VIC","Unknown","17-25","Camera",0,0,0,0
2024,"VIC","Unknown","17-25","Camera",0,0,0,0
2024,"VIC","Unknown","17-25","Police issued",102,0,0,102
2024,"VIC","Unknown","26-39","Camera",0,0,0,0
2024,"VIC","Unknown","26-39","Camera",0,0,0,0
2024,"VIC","Unknown","26-39","Police issued",213,0,0,213
2024,"VIC","Unknown","40-64","Camera",0,0,0,0
2024,"VIC","Unknown","40-64","Camera",0,0,0,0
2024,"VIC","Unknown","40-64","Police issued",171,0,0,171
2024,"VIC","Unknown","65 and over","Camera",0,0,0,0
2024,"VIC","Unknown","65 and over","Camera",0,0,0,0
2024,"VIC","Unknown","65 and over","Police issued",35,0,0,35
2024,"VIC","Unknown","Unknown","Camera",0,0,0,0
2024,"VIC","Unknown","Unknown","Camera",0,0,0,0
2024,"VIC","Unknown","Unknown","Police issued",1,0,0,1
2024,"WA","Unknown","17-25","Police issued",75,0,0,75
2024,"WA","Unknown","17-25","Unknown",0,2,10,12
2024,"WA","Unknown","26-39","Police issued",112,0,0,112
2024,"WA","Unknown","26-39","Unknown",0,3,17,20
2024,"WA","Unknown","40-64","Police issued",68,0,0,68
2024,"WA","Unknown","40-64","Unknown",0,0,3,3
2024,"WA","Unknown","65 and over","Police issued",13,0,0,13
2024,"ACT","Major Cities of Australia","17-25","Police issued",6,0,0,6
2024,"ACT","Major Cities of Australia","26-39","Police issued",4,1,1,6
2024,"NSW","Inner Regional Australia","17-25","Police issued",68,0,2,70
2024,"NSW","Inner Regional Australia","26-39","Police issued",96,0,1,97
2024,"NSW","Inner Regional Australia","40-64","Police issued",79,0,1,80
2024,"NSW","Inner Regional Australia","65 and over","Police issued",22,0,0,22
2024,"NSW","Major Cities of Australia","0-16","Police issued",4,0,0,4
2024,"NSW","Major Cities of Australia","17-25","Police issued",122,0,5,127
2024,"NSW","Major Cities of Australia","26-39","Police issued",178,0,7,185
2024,"NSW","Major Cities of Australia","40-64","Police issued",131,0,3,134
2024,"NSW","Major Cities of Australia","65 and over","Police issued",18,0,0,18
2024,"NSW","Outer Regional Australia","17-25","Police issued",30,0,1,31
2024,"NSW","Outer Regional Australia","26-39","Police issued",26,0,0,26
2024,"NSW","Outer Regional Australia","40-64","Police issued",23,0,0,23
2024,"NSW","Outer Regional Australia","65 and over","Police issued",9,0,0,9
2024,"NSW","Remote Australia","26-39","Police issued",2,0,0,2
2024,"NSW","Remote Australia","40-64","Police issued",3,0,0,3
2024,"NSW","Remote Australia","65 and over","Police issued",1,0,0,1
2024,"NSW","Unknown","17-25","Police issued",2,0,0,2
2024,"NSW","Unknown","26-39","Police issued",14,0,0,14
2024,"NSW","Unknown","40-64","Police issued",6,0,0,6
2024,"NSW","Unknown","65 and over","Police issued",1,0,0,1
2024,"NSW","Very Remote Australia","17-25","Police issued",3,0,0,3
2024,"NSW","Very Remote Australia","26-39","Police issued",2,0,0,2
2024,"NT","Unknown","0-16","Police issued",0,0,1,1
2024,"NT","Unknown","17-25","Police issued",13,0,15,28
2024,"NT","Unknown","26-39","Police issued",18,1,10,29
2024,"NT","Unknown","40-64","Police issued",26,3,18,47
2024,"QLD","Unknown","0-16","Camera",69,0,0,69
2024,"QLD","Unknown","0-16","Police issued",1,0,0,1
2024,"QLD","Unknown","17-25","Camera",415,0,0,415
2024,"QLD","Unknown","17-25","Police issued",85,0,0,85
2024,"QLD","Unknown","26-39","Camera",1082,0,0,1082
2024,"QLD","Unknown","26-39","Police issued",151,0,0,151
2024,"QLD","Unknown","40-64","Camera",1046,0,0,1046
2024,"QLD","Unknown","40-64","Police issued",89,0,0,89
2024,"QLD","Unknown","65 and over","Camera",229,0,0,229
2024,"QLD","Unknown","65 and over","Police issued",21,0,0,21
2024,"QLD","Unknown","Unknown","Camera",12,0,0,12
2024,"SA","Inner Regional Australia","17-25","Police issued",7,0,0,7
2024,"SA","Inner Regional Australia","26-39","Police issued",9,0,0,9
2024,"SA","Inner Regional Australia","40-64","Police issued",11,0,0,11
2024,"SA","Inner Regional Australia","65 and over","Police issued",10,0,0,10
2024,"SA","Major Cities of Australia","0-16","Police issued",1,0,0,1
2024,"SA","Major Cities of Australia","17-25","Police issued",18,0,0,18
2024,"SA","Major Cities of Australia","26-39","Police issued",31,0,0,31
2024,"SA","Major Cities of Australia","40-64","Police issued",54,0,0,54
2024,"SA","Major Cities of Australia","65 and over","Police issued",17,0,0,17
2024,"SA","Outer Regional Australia","17-25","Police issued",9,0,0,9
2024,"SA","Outer Regional Australia","26-39","Police issued",18,0,0,18
2024,"SA","Outer Regional Australia","40-64","Police issued",9,0,0,9
2024,"SA","Outer Regional Australia","65 and over","Police issued",8,0,0,8
2024,"SA","Remote Australia","17-25","Police issued",2,0,0,2
2024,"SA","Remote Australia","26-39","Police issued",3,0,0,3
2024,"SA","Remote Australia","40-64","Police issued",1,0,0,1
2024,"SA","Remote Australia","65 and over","Police issued",3,0,0,3
2024,"SA","Unknown","17-25","Police issued",2,0,0,2
2024,"SA","Very Remote Australia","17-25","Police issued",3,0,0,3
2024,"SA","Very Remote Australia","26-39","Police issued",1,0,0,1
2024,"SA","Very Remote Australia","40-64","Police issued",6,0,0,6
2024,"TAS","Unknown","17-25","Camera",53,0,0,53
2024,"TAS","Unknown","17-25","Police issued",16,0,1,17
2024,"TAS","Unknown","26-39","Camera",141,0,0,141
2024,"TAS","Unknown","26-39","Police issued",21,0,2,23
2024,"TAS","Unknown","40-64","Camera",148,0,0,148
2024,"TAS","Unknown","40-64","Police issued",21,0,2,23
2024,"TAS","Unknown","65 and over","Camera",53,0,0,53
2024,"TAS","Unknown","65 and over","Police issued",12,0,4,16
2024,"TAS","Unknown","Unknown","Camera",2,0,0,2
2024,"VIC","Inner Regional Australia","0-16","Camera",0,0,0,0
2024,"VIC","Inner Regional Australia","0-16","Camera",0,0,0,0
2024,"VIC","Inner Regional Australia","17-25","Camera",0,0,0,0
2024,"VIC","Inner Regional Australia","17-25","Camera",26,0,0,26
2024,"VIC","Inner Regional Australia","26-39","Camera",0,0,0,0
2024,"VIC","Inner Regional Australia","26-39","Camera",90,0,0,90
2024,"VIC","Inner Regional Australia","40-64","Camera",0,0,0,0
2024,"VIC","Inner Regional Australia","40-64","Camera",158,0,0,158
2024,"VIC","Inner Regional Australia","65 and over","Camera",0,0,0,0
2024,"VIC","Inner Regional Australia","65 and over","Camera",94,0,0,94
2024,"VIC","Inner Regional Australia","Unknown","Camera",0,0,0,0
2024,"VIC","Inner Regional Australia","Unknown","Camera",122,0,0,122
2024,"VIC","Major Cities of Australia","0-16","Camera",0,0,0,0
2024,"VIC","Major Cities of Australia","0-16","Camera",0,0,0,0
2024,"VIC","Major Cities of Australia","17-25","Camera",0,0,0,0
2024,"VIC","Major Cities of Australia","17-25","Camera",268,0,0,268
2024,"VIC","Major Cities of Australia","26-39","Camera",0,0,0,0
2024,"VIC","Major Cities of Australia","26-39","Camera",1083,0,0,1083
2024,"VIC","Major Cities of Australia","40-64","Camera",0,0,0,0
2024,"VIC","Major Cities of Australia","40-64","Camera",1519,0,0,1519
2024,"VIC","Major Cities of Australia","65 and over","Camera",0,0,0,0
2024,"VIC","Major Cities of Australia","65 and over","Camera",477,0,0,477
2024,"VIC","Major Cities of Australia","Unknown","Camera",0,0,0,0
2024,"VIC","Major Cities of Australia","Unknown","Camera",1236,0,0,1236
2024,"VIC","Outer Regional Australia","0-16","Camera",0,0,0,0
2024,"VIC","Outer Regional Australia","0-16","Camera",0,0,0,0
2024,"VIC","Outer Regional Australia","17-25","Camera",0,0,0,0
2024,"VIC","Outer Regional Australia","17-25","Camera",0,0,0,0
2024,"VIC","Outer Regional Australia","26-39","Camera",0,0,0,0
2024,"VIC","Outer Regional Australia","26-39","Camera",0,0,0,0
2024,"VIC","Outer Regional Australia","40-64","Camera",0,0,0,0
2024,"VIC","Outer Regional Australia","40-64","Camera",0,0,0,0
2024,"VIC","Outer Regional Australia","65 and over","Camera",0,0,0,0
2024,"VIC","Outer Regional Australia","65 and over","Camera",0,0,0,0
2024,"VIC","Outer Regional Australia","Unknown","Camera",0,0,0,0
2024,"VIC","Outer Regional Australia","Unknown","Camera",0,0,0,0
2024,"VIC","Remote Australia","0-16","Camera",0,0,0,0
2024,"VIC","Remote Australia","0-16","Camera",0,0,0,0
2024,"VIC","Remote Australia","17-25","Camera",0,0,0,0
2024,"VIC","Remote Australia","17-25","Camera",0,0,0,0
2024,"VIC","Remote Australia","26-39","Camera",0,0,0,0
2024,"VIC","Remote Australia","26-39","Camera",0,0,0,0
2024,"VIC","Remote Australia","40-64","Camera",0,0,0,0
2024,"VIC","Remote Australia","40-64","Camera",0,0,0,0
2024,"VIC","Remote Australia","65 and over","Camera",0,0,0,0
2024,"VIC","Remote Australia","65 and over","Camera",0,0,0,0
2024,"VIC","Remote Australia","Unknown","Camera",0,0,0,0
2024,"VIC","Remote Australia","Unknown","Camera",0,0,0,0
2024,"VIC","Unknown","0-16","Camera",0,0,0,0
2024,"VIC","Unknown","0-16","Camera",0,0,0,0
2024,"VIC","Unknown","0-16","Police issued",1,0,0,1
2024,"VIC","Unknown","17-25","Camera",0,0,0,0
2024,"VIC","Unknown","17-25","Camera",0,0,0,0
2024,"VIC","Unknown","17-25","Police issued",76,0,0,76
2024,"VIC","Unknown","26-39","Camera",0,0,0,0
2024,"VIC","Unknown","26-39","Camera",0,0,0,0
2024,"VIC","Unknown","26-39","Police issued",205,0,0,205
2024,"VIC","Unknown","40-64","Camera",0,0,0,0
2024,"VIC","Unknown","40-64","Camera",0,0,0,0
2024,"VIC","Unknown","40-64","Police issued",166,0,0,166
2024,"VIC","Unknown","65 and over","Camera",0,0,0,0
2024,"VIC","Unknown","65 and over","Camera",0,0,0,0
2024,"VIC","Unknown","65 and over","Police issued",35,0,0,35
2024,"VIC","Unknown","Unknown","Camera",0,0,0,0
2024,"VIC","Unknown","Unknown","Camera",0,0,0,0
2024,"WA","Unknown","17-25","Police issued",36,0,0,36
2024,"WA","Unknown","17-25","Unknown",0,1,8,9
2024,"WA","Unknown","26-39","Police issued",76,0,0,76
2024,"WA","Unknown","26-39","Unknown",0,0,16,16
2024,"WA","Unknown","40-64","Police issued",50,0,0,50
2024,"WA","Unknown","40-64","Unknown",0,0,8,8
2024,"WA","Unknown","65 and over","Police issued",5,0,0,5
2024,"ACT","Major Cities of Australia","17-25","Police issued",2,0,0,2
2024,"NSW","Inner Regional Australia","0-16","Police issued",1,0,0,1
2024,"NSW","Inner Regional Australia","17-25","Police issued",71,0,6,77
2024,"NSW","Inner Regional Australia","26-39","Police issued",116,0,2,118
2024,"NSW","Inner Regional Australia","40-64","Police issued",70,0,0,70
2024,"NSW","Inner Regional Australia","65 and over","Police issued",20,0,0,20
2024,"NSW","Major Cities of Australia","0-16","Police issued",1,0,0,1
2024,"NSW","Major Cities of Australia","17-25","Police issued",115,0,1,116
2024,"NSW","Major Cities of Australia","26-39","Police issued",201,0,4,205
2024,"NSW","Major Cities of Australia","40-64","Police issued",135,0,4,139
2024,"NSW","Major Cities of Australia","65 and over","Police issued",29,0,0,29
2024,"NSW","Outer Regional Australia","0-16","Police issued",1,0,0,1
2024,"NSW","Outer Regional Australia","17-25","Police issued",21,0,1,22
2024,"NSW","Outer Regional Australia","26-39","Police issued",35,0,1,36
2024,"NSW","Outer Regional Australia","40-64","Police issued",24,0,0,24
2024,"NSW","Outer Regional Australia","65 and over","Police issued",7,0,1,8
2024,"NSW","Remote Australia","17-25","Police issued",3,0,0,3
2024,"NSW","Remote Australia","26-39","Police issued",5,0,0,5
2024,"NSW","Remote Australia","40-64","Police issued",1,0,0,1
2024,"NSW","Unknown","17-25","Police issued",20,0,0,20
2024,"NSW","Unknown","26-39","Police issued",30,0,0,30
2024,"NSW","Unknown","40-64","Police issued",34,0,0,34
2024,"NSW","Unknown","65 and over","Police issued",5,0,0,5
2024,"NSW","Very Remote Australia","26-39","Police issued",1,0,0,1
2024,"NSW","Very Remote Australia","40-64","Police issued",0,0,1,1
2024,"NT","Unknown","0-16","Police issued",0,0,2,2
2024,"NT","Unknown","17-25","Police issued",21,2,20,43
2024,"NT","Unknown","26-39","Police issued",31,1,43,75
2024,"NT","Unknown","40-64","Police issued",36,1,33,70
2024,"NT","Unknown","65 and over","Police issued",5,0,0,5
2024,"QLD","Unknown","0-16","Camera",57,0,0,57
2024,"QLD","Unknown","17-25","Camera",417,0,0,417
2024,"QLD","Unknown","17-25","Police issued",86,0,0,86
2024,"QLD","Unknown","26-39","Camera",1043,0,0,1043
2024,"QLD","Unknown","26-39","Police issued",142,0,0,142
2024,"QLD","Unknown","40-64","Camera",1045,0,0,1045
2024,"QLD","Unknown","40-64","Police issued",97,0,0,97
2024,"QLD","Unknown","65 and over","Camera",215,0,0,215
2024,"QLD","Unknown","65 and over","Police issued",11,0,0,11
2024,"QLD","Unknown","Unknown","Camera",7,0,0,7
2024,"SA","Inner Regional Australia","17-25","Police issued",3,0,0,3
2024,"SA","Inner Regional Australia","26-39","Police issued",11,0,0,11
2024,"SA","Inner Regional Australia","40-64","Police issued",8,0,0,8
2024,"SA","Inner Regional Australia","65 and over","Police issued",7,0,0,7
2024,"SA","Major Cities of Australia","17-25","Police issued",16,0,0,16
2024,"SA","Major Cities of Australia","26-39","Police issued",48,0,0,48
2024,"SA","Major Cities of Australia","40-64","Police issued",55,0,0,55
2024,"SA","Major Cities of Australia","65 and over","Police issued",18,0,0,18
2024,"SA","Outer Regional Australia","17-25","Police issued",9,0,0,9
2024,"SA","Outer Regional Australia","26-39","Police issued",16,0,0,16
2024,"SA","Outer Regional Australia","40-64","Police issued",24,0,0,24
2024,"SA","Outer Regional Australia","65 and over","Police issued",12,0,0,12
2024,"SA","Remote Australia","17-25","Police issued",7,0,0,7
2024,"SA","Remote Australia","26-39","Police issued",11,0,0,11
2024,"SA","Remote Australia","40-64","Police issued",8,0,0,8
2024,"SA","Remote Australia","65 and over","Police issued",3,0,0,3
2024,"SA","Unknown","17-25","Police issued",1,0,0,1
2024,"SA","Unknown","26-39","Police issued",2,0,0,2
2024,"SA","Unknown","40-64","Police issued",2,0,0,2
2024,"SA","Very Remote Australia","17-25","Police issued",4,0,0,4
2024,"SA","Very Remote Australia","26-39","Police issued",8,0,0,8
2024,"SA","Very Remote Australia","40-64","Police issued",9,0,0,9
2024,"SA","Very Remote Australia","65 and over","Police issued",2,0,0,2
2024,"TAS","Unknown","17-25","Camera",31,0,0,31
2024,"TAS","Unknown","17-25","Police issued",7,0,1,8
2024,"TAS","Unknown","26-39","Camera",120,0,0,120
2024,"TAS","Unknown","26-39","Police issued",12,0,2,14
2024,"TAS","Unknown","40-64","Camera",120,0,0,120
2024,"TAS","Unknown","40-64","Police issued",21,0,5,26
2024,"TAS","Unknown","65 and over","Camera",63,0,0,63
2024,"TAS","Unknown","65 and over","Police issued",7,0,0,7
2024,"VIC","Inner Regional Australia","0-16","Camera",0,0,0,0
2024,"VIC","Inner Regional Australia","0-16","Camera",0,0,0,0
2024,"VIC","Inner Regional Australia","17-25","Camera",0,0,0,0
2024,"VIC","Inner Regional Australia","17-25","Camera",11,0,0,11
2024,"VIC","Inner Regional Australia","26-39","Camera",0,0,0,0
2024,"VIC","Inner Regional Australia","26-39","Camera",33,0,0,33
2024,"VIC","Inner Regional Australia","40-64","Camera",0,0,0,0
2024,"VIC","Inner Regional Australia","40-64","Camera",67,0,0,67
2024,"VIC","Inner Regional Australia","65 and over","Camera",0,0,0,0
2024,"VIC","Inner Regional Australia","65 and over","Camera",28,0,0,28
2024,"VIC","Inner Regional Australia","Unknown","Camera",0,0,0,0
2024,"VIC","Inner Regional Australia","Unknown","Camera",36,0,0,36
2024,"VIC","Major Cities of Australia","0-16","Camera",0,0,0,0
2024,"VIC","Major Cities of Australia","0-16","Camera",0,0,0,0
2024,"VIC","Major Cities of Australia","17-25","Camera",0,0,0,0
2024,"VIC","Major Cities of Australia","17-25","Camera",221,0,0,221
2024,"VIC","Major Cities of Australia","26-39","Camera",0,0,0,0
2024,"VIC","Major Cities of Australia","26-39","Camera",1005,0,0,1005
2024,"VIC","Major Cities of Australia","40-64","Camera",0,0,0,0
2024,"VIC","Major Cities of Australia","40-64","Camera",1332,0,0,1332
2024,"VIC","Major Cities of Australia","65 and over","Camera",0,0,0,0
2024,"VIC","Major Cities of Australia","65 and over","Camera",386,0,0,386
2024,"VIC","Major Cities of Australia","Unknown","Camera",0,0,0,0
2024,"VIC","Major Cities of Australia","Unknown","Camera",1006,0,0,1006
2024,"VIC","Outer Regional Australia","0-16","Camera",0,0,0,0
2024,"VIC","Outer Regional Australia","0-16","Camera",0,0,0,0
2024,"VIC","Outer Regional Australia","17-25","Camera",0,0,0,0
2024,"VIC","Outer Regional Australia","17-25","Camera",0,0,0,0
2024,"VIC","Outer Regional Australia","26-39","Camera",0,0,0,0
2024,"VIC","Outer Regional Australia","26-39","Camera",0,0,0,0
2024,"VIC","Outer Regional Australia","40-64","Camera",0,0,0,0
2024,"VIC","Outer Regional Australia","40-64","Camera",0,0,0,0
2024,"VIC","Outer Regional Australia","65 and over","Camera",0,0,0,0
2024,"VIC","Outer Regional Australia","65 and over","Camera",0,0,0,0
2024,"VIC","Outer Regional Australia","Unknown","Camera",0,0,0,0
2024,"VIC","Outer Regional Australia","Unknown","Camera",0,0,0,0
2024,"VIC","Remote Australia","0-16","Camera",0,0,0,0
2024,"VIC","Remote Australia","0-16","Camera",0,0,0,0
2024,"VIC","Remote Australia","17-25","Camera",0,0,0,0
2024,"VIC","Remote Australia","17-25","Camera",0,0,0,0
2024,"VIC","Remote Australia","26-39","Camera",0,0,0,0
2024,"VIC","Remote Australia","26-39","Camera",0,0,0,0
2024,"VIC","Remote Australia","40-64","Camera",0,0,0,0
2024,"VIC","Remote Australia","40-64","Camera",0,0,0,0
2024,"VIC","Remote Australia","65 and over","Camera",0,0,0,0
2024,"VIC","Remote Australia","65 and over","Camera",0,0,0,0
2024,"VIC","Remote Australia","Unknown","Camera",0,0,0,0
2024,"VIC","Remote Australia","Unknown","Camera",0,0,0,0
2024,"VIC","Unknown","0-16","Camera",0,0,0,0
2024,"VIC","Unknown","0-16","Camera",0,0,0,0
2024,"VIC","Unknown","0-16","Police issued",2,0,0,2
2024,"VIC","Unknown","17-25","Camera",0,0,0,0
2024,"VIC","Unknown","17-25","Camera",0,0,0,0
2024,"VIC","Unknown","17-25","Police issued",123,0,0,123
2024,"VIC","Unknown","26-39","Camera",0,0,0,0
2024,"VIC","Unknown","26-39","Camera",0,0,0,0
2024,"VIC","Unknown","26-39","Police issued",231,0,0,231
2024,"VIC","Unknown","40-64","Camera",0,0,0,0
2024,"VIC","Unknown","40-64","Camera",0,0,0,0
2024,"VIC","Unknown","40-64","Police issued",184,0,0,184
2024,"VIC","Unknown","65 and over","Camera",0,0,0,0
2024,"VIC","Unknown","65 and over","Camera",0,0,0,0
2024,"VIC","Unknown","65 and over","Police issued",32,0,0,32
2024,"VIC","Unknown","Unknown","Camera",0,0,0,0
2024,"VIC","Unknown","Unknown","Camera",0,0,0,0
2024,"WA","Unknown","17-25","Police issued",56,0,0,56
2024,"WA","Unknown","17-25","Unknown",0,0,11,11
2024,"WA","Unknown","26-39","Police issued",67,0,0,67
2024,"WA","Unknown","26-39","Unknown",0,1,18,19
2024,"WA","Unknown","40-64","Police issued",48,0,0,48
2024,"WA","Unknown","40-64","Unknown",0,0,8,8
2024,"WA","Unknown","65 and over","Police issued",13,0,0,13
2024,"WA","Unknown","65 and over","Unknown",0,0,1,1
2024,"ACT","Major Cities of Australia","26-39","Police issued",1,0,0,1
2024,"NSW","Inner Regional Australia","0-16","Police issued",1,0,0,1
2024,"NSW","Inner Regional Australia","17-25","Police issued",85,0,1,86
2024,"NSW","Inner Regional Australia","26-39","Police issued",135,0,4,139
2024,"NSW","Inner Regional Australia","40-64","Police issued",77,0,0,77
2024,"NSW","Inner Regional Australia","65 and over","Police issued",18,0,0,18
2024,"NSW","Major Cities of Australia","0-16","Police issued",7,0,0,7
2024,"NSW","Major Cities of Australia","17-25","Police issued",110,0,3,113
2024,"NSW","Major Cities of Australia","26-39","Police issued",156,0,5,161
2024,"NSW","Major Cities of Australia","40-64","Police issued",124,0,2,126
2024,"NSW","Major Cities of Australia","65 and over","Police issued",22,0,1,23
2024,"NSW","Outer Regional Australia","0-16","Police issued",1,0,0,1
2024,"NSW","Outer Regional Australia","17-25","Police issued",18,0,2,20
2024,"NSW","Outer Regional Australia","26-39","Police issued",23,0,0,23
2024,"NSW","Outer Regional Australia","40-64","Police issued",18,0,0,18
2024,"NSW","Outer Regional Australia","65 and over","Police issued",5,0,0,5
2024,"NSW","Remote Australia","17-25","Police issued",2,0,0,2
2024,"NSW","Remote Australia","26-39","Police issued",5,0,0,5
2024,"NSW","Remote Australia","40-64","Police issued",3,0,0,3
2024,"NSW","Unknown","17-25","Police issued",6,0,0,6
2024,"NSW","Unknown","26-39","Police issued",10,0,0,10
2024,"NSW","Unknown","40-64","Police issued",6,0,0,6
2024,"NSW","Very Remote Australia","26-39","Police issued",0,0,1,1
2024,"NT","Unknown","0-16","Police issued",0,0,1,1
2024,"NT","Unknown","17-25","Police issued",36,1,13,50
2024,"NT","Unknown","26-39","Police issued",60,5,65,130
2024,"NT","Unknown","40-64","Police issued",47,3,16,66
2024,"NT","Unknown","65 and over","Police issued",5,0,0,5
2024,"QLD","Unknown","0-16","Camera",42,0,0,42
2024,"QLD","Unknown","0-16","Police issued",1,0,0,1
2024,"QLD","Unknown","17-25","Camera",351,0,0,351
2024,"QLD","Unknown","17-25","Police issued",59,0,0,59
2024,"QLD","Unknown","26-39","Camera",877,0,0,877
2024,"QLD","Unknown","26-39","Police issued",99,0,0,99
2024,"QLD","Unknown","40-64","Camera",951,0,0,951
2024,"QLD","Unknown","40-64","Police issued",83,0,0,83
2024,"QLD","Unknown","65 and over","Camera",238,0,0,238
2024,"QLD","Unknown","65 and over","Police issued",12,0,0,12
2024,"QLD","Unknown","Unknown","Camera",12,0,0,12
2024,"SA","Inner Regional Australia","17-25","Police issued",7,0,0,7
2024,"SA","Inner Regional Australia","26-39","Police issued",6,0,0,6
2024,"SA","Inner Regional Australia","40-64","Police issued",16,0,0,16
2024,"SA","Inner Regional Australia","65 and over","Police issued",5,0,0,5
2024,"SA","Major Cities of Australia","17-25","Police issued",15,0,0,15
2024,"SA","Major Cities of Australia","26-39","Police issued",36,0,0,36
2024,"SA","Major Cities of Australia","40-64","Police issued",47,0,0,47
2024,"SA","Major Cities of Australia","65 and over","Police issued",13,0,0,13
2024,"SA","Outer Regional Australia","17-25","Police issued",6,0,0,6
2024,"SA","Outer Regional Australia","26-39","Police issued",14,0,0,14
2024,"SA","Outer Regional Australia","40-64","Police issued",13,0,0,13
2024,"SA","Outer Regional Australia","65 and over","Police issued",4,0,0,4
2024,"SA","Remote Australia","40-64","Police issued",3,0,0,3
2024,"SA","Remote Australia","65 and over","Police issued",1,0,0,1
2024,"SA","Unknown","26-39","Police issued",2,0,0,2
2024,"SA","Unknown","40-64","Police issued",3,0,0,3
2024,"SA","Unknown","65 and over","Police issued",3,0,0,3
2024,"SA","Very Remote Australia","17-25","Police issued",1,0,0,1
2024,"SA","Very Remote Australia","26-39","Police issued",7,0,0,7
2024,"SA","Very Remote Australia","40-64","Police issued",2,0,0,2
2024,"SA","Very Remote Australia","65 and over","Police issued",4,0,0,4
2024,"TAS","Unknown","17-25","Camera",47,0,0,47
2024,"TAS","Unknown","17-25","Police issued",15,0,2,17
2024,"TAS","Unknown","26-39","Camera",105,0,0,105
2024,"TAS","Unknown","26-39","Police issued",23,0,1,24
2024,"TAS","Unknown","40-64","Camera",126,0,0,126
2024,"TAS","Unknown","40-64","Police issued",21,0,1,22
2024,"TAS","Unknown","65 and over","Camera",52,0,0,52
2024,"TAS","Unknown","65 and over","Police issued",4,0,0,4
2024,"TAS","Unknown","Unknown","Camera",1,0,0,1
2024,"VIC","Inner Regional Australia","0-16","Camera",0,0,0,0
2024,"VIC","Inner Regional Australia","0-16","Camera",0,0,0,0
2024,"VIC","Inner Regional Australia","17-25","Camera",0,0,0,0
2024,"VIC","Inner Regional Australia","17-25","Camera",46,0,0,46
2024,"VIC","Inner Regional Australia","26-39","Camera",0,0,0,0
2024,"VIC","Inner Regional Australia","26-39","Camera",189,0,0,189
2024,"VIC","Inner Regional Australia","40-64","Camera",0,0,0,0
2024,"VIC","Inner Regional Australia","40-64","Camera",265,0,0,265
2024,"VIC","Inner Regional Australia","65 and over","Camera",0,0,0,0
2024,"VIC","Inner Regional Australia","65 and over","Camera",122,0,0,122
2024,"VIC","Inner Regional Australia","Unknown","Camera",0,0,0,0
2024,"VIC","Inner Regional Australia","Unknown","Camera",158,0,0,158
2024,"VIC","Major Cities of Australia","0-16","Camera",0,0,0,0
2024,"VIC","Major Cities of Australia","0-16","Camera",0,0,0,0
2024,"VIC","Major Cities of Australia","17-25","Camera",0,0,0,0
2024,"VIC","Major Cities of Australia","17-25","Camera",230,0,0,230
2024,"VIC","Major Cities of Australia","26-39","Camera",0,0,0,0
2024,"VIC","Major Cities of Australia","26-39","Camera",999,0,0,999
2024,"VIC","Major Cities of Australia","40-64","Camera",0,0,0,0
2024,"VIC","Major Cities of Australia","40-64","Camera",1399,0,0,1399
2024,"VIC","Major Cities of Australia","65 and over","Camera",0,0,0,0
2024,"VIC","Major Cities of Australia","65 and over","Camera",406,0,0,406
2024,"VIC","Major Cities of Australia","Unknown","Camera",0,0,0,0
2024,"VIC","Major Cities of Australia","Unknown","Camera",927,0,0,927
2024,"VIC","Outer Regional Australia","0-16","Camera",0,0,0,0
2024,"VIC","Outer Regional Australia","0-16","Camera",0,0,0,0
2024,"VIC","Outer Regional Australia","17-25","Camera",0,0,0,0
2024,"VIC","Outer Regional Australia","17-25","Camera",0,0,0,0
2024,"VIC","Outer Regional Australia","26-39","Camera",0,0,0,0
2024,"VIC","Outer Regional Australia","26-39","Camera",0,0,0,0
2024,"VIC","Outer Regional Australia","40-64","Camera",0,0,0,0
2024,"VIC","Outer Regional Australia","40-64","Camera",0,0,0,0
2024,"VIC","Outer Regional Australia","65 and over","Camera",0,0,0,0
2024,"VIC","Outer Regional Australia","65 and over","Camera",0,0,0,0
2024,"VIC","Outer Regional Australia","Unknown","Camera",0,0,0,0
2024,"VIC","Outer Regional Australia","Unknown","Camera",0,0,0,0
2024,"VIC","Remote Australia","0-16","Camera",0,0,0,0
2024,"VIC","Remote Australia","0-16","Camera",0,0,0,0
2024,"VIC","Remote Australia","17-25","Camera",0,0,0,0
2024,"VIC","Remote Australia","17-25","Camera",0,0,0,0
2024,"VIC","Remote Australia","26-39","Camera",0,0,0,0
2024,"VIC","Remote Australia","26-39","Camera",0,0,0,0
2024,"VIC","Remote Australia","40-64","Camera",0,0,0,0
2024,"VIC","Remote Australia","40-64","Camera",0,0,0,0
2024,"VIC","Remote Australia","65 and over","Camera",0,0,0,0
2024,"VIC","Remote Australia","65 and over","Camera",0,0,0,0
2024,"VIC","Remote Australia","Unknown","Camera",0,0,0,0
2024,"VIC","Remote Australia","Unknown","Camera",0,0,0,0
2024,"VIC","Unknown","0-16","Camera",0,0,0,0
2024,"VIC","Unknown","0-16","Camera",0,0,0,0
2024,"VIC","Unknown","17-25","Camera",0,0,0,0
2024,"VIC","Unknown","17-25","Camera",0,0,0,0
2024,"VIC","Unknown","17-25","Police issued",79,0,0,79
2024,"VIC","Unknown","26-39","Camera",0,0,0,0
2024,"VIC","Unknown","26-39","Camera",0,0,0,0
2024,"VIC","Unknown","26-39","Police issued",157,0,0,157
2024,"VIC","Unknown","40-64","Camera",0,0,0,0
2024,"VIC","Unknown","40-64","Camera",0,0,0,0
2024,"VIC","Unknown","40-64","Police issued",138,0,0,138
2024,"VIC","Unknown","65 and over","Camera",0,0,0,0
2024,"VIC","Unknown","65 and over","Camera",0,0,0,0
2024,"VIC","Unknown","65 and over","Police issued",45,0,0,45
2024,"VIC","Unknown","Unknown","Camera",0,0,0,0
2024,"VIC","Unknown","Unknown","Camera",0,0,0,0
2024,"VIC","Unknown","Unknown","Police issued",1,0,0,1
2024,"WA","Unknown","17-25","Police issued",33,0,0,33
2024,"WA","Unknown","17-25","Unknown",0,0,4,4
2024,"WA","Unknown","26-39","Police issued",86,0,0,86
2024,"WA","Unknown","26-39","Unknown",0,0,15,15
2024,"WA","Unknown","40-64","Police issued",42,0,0,42
2024,"WA","Unknown","40-64","Unknown",0,0,3,3
2024,"WA","Unknown","65 and over","Police issued",12,0,0,12
2024,"ACT","Major Cities of Australia","17-25","Police issued",1,0,0,1
2024,"ACT","Major Cities of Australia","26-39","Police issued",1,0,1,2
2024,"NSW","Inner Regional Australia","0-16","Police issued",1,0,0,1
2024,"NSW","Inner Regional Australia","17-25","Police issued",40,0,3,43
2024,"NSW","Inner Regional Australia","26-39","Police issued",105,0,3,108
2024,"NSW","Inner Regional Australia","40-64","Police issued",60,0,0,60
2024,"NSW","Inner Regional Australia","65 and over","Police issued",8,0,0,8
2024,"NSW","Major Cities of Australia","0-16","Police issued",1,0,0,1
2024,"NSW","Major Cities of Australia","17-25","Police issued",72,0,1,73
2024,"NSW","Major Cities of Australia","26-39","Police issued",148,0,1,149
2024,"NSW","Major Cities of Australia","40-64","Police issued",93,0,2,95
2024,"NSW","Major Cities of Australia","65 and over","Police issued",11,0,0,11
2024,"NSW","Outer Regional Australia","0-16","Police issued",1,0,0,1
2024,"NSW","Outer Regional Australia","17-25","Police issued",21,0,1,22
2024,"NSW","Outer Regional Australia","26-39","Police issued",40,0,1,41
2024,"NSW","Outer Regional Australia","40-64","Police issued",34,0,0,34
2024,"NSW","Outer Regional Australia","65 and over","Police issued",2,0,0,2
2024,"NSW","Remote Australia","17-25","Police issued",1,0,0,1
2024,"NSW","Remote Australia","26-39","Police issued",1,0,1,2
2024,"NSW","Remote Australia","40-64","Police issued",1,0,0,1
2024,"NSW","Unknown","17-25","Police issued",8,0,1,9
2024,"NSW","Unknown","26-39","Police issued",7,0,0,7
2024,"NSW","Unknown","40-64","Police issued",11,0,0,11
2024,"NSW","Unknown","65 and over","Police issued",1,0,0,1
2024,"NSW","Very Remote Australia","17-25","Police issued",1,0,0,1
2024,"NSW","Very Remote Australia","26-39","Police issued",2,0,0,2
2024,"NT","Unknown","17-25","Police issued",18,4,22,44
2024,"NT","Unknown","26-39","Police issued",32,0,38,70
2024,"NT","Unknown","40-64","Police issued",25,2,24,51
2024,"NT","Unknown","65 and over","Police issued",3,0,0,3
2024,"QLD","Unknown","0-16","Camera",42,0,0,42
2024,"QLD","Unknown","17-25","Camera",307,0,0,307
2024,"QLD","Unknown","17-25","Police issued",47,0,0,47
2024,"QLD","Unknown","26-39","Camera",831,0,0,831
2024,"QLD","Unknown","26-39","Police issued",101,0,0,101
2024,"QLD","Unknown","40-64","Camera",832,0,0,832
2024,"QLD","Unknown","40-64","Police issued",76,0,0,76
2024,"QLD","Unknown","65 and over","Camera",221,0,0,221
2024,"QLD","Unknown","65 and over","Police issued",15,0,0,15
2024,"QLD","Unknown","Unknown","Camera",14,0,0,14
2024,"SA","Inner Regional Australia","17-25","Police issued",5,0,0,5
2024,"SA","Inner Regional Australia","26-39","Police issued",6,0,0,6
2024,"SA","Inner Regional Australia","40-64","Police issued",11,0,0,11
2024,"SA","Inner Regional Australia","65 and over","Police issued",2,0,0,2
2024,"SA","Major Cities of Australia","0-16","Police issued",2,0,0,2
2024,"SA","Major Cities of Australia","17-25","Police issued",14,0,0,14
2024,"SA","Major Cities of Australia","26-39","Police issued",34,0,0,34
2024,"SA","Major Cities of Australia","40-64","Police issued",31,0,0,31
2024,"SA","Major Cities of Australia","65 and over","Police issued",12,0,0,12
2024,"SA","Outer Regional Australia","0-16","Police issued",1,0,0,1
2024,"SA","Outer Regional Australia","17-25","Police issued",9,0,0,9
2024,"SA","Outer Regional Australia","26-39","Police issued",13,0,0,13
2024,"SA","Outer Regional Australia","40-64","Police issued",18,0,0,18
2024,"SA","Outer Regional Australia","65 and over","Police issued",14,0,0,14
2024,"SA","Remote Australia","40-64","Police issued",2,0,0,2
2024,"SA","Unknown","26-39","Police issued",1,0,0,1
2024,"SA","Unknown","40-64","Police issued",2,0,0,2
2024,"SA","Unknown","65 and over","Police issued",1,0,0,1
2024,"SA","Very Remote Australia","17-25","Police issued",1,0,0,1
2024,"SA","Very Remote Australia","26-39","Police issued",6,0,0,6
2024,"SA","Very Remote Australia","40-64","Police issued",5,0,0,5
2024,"SA","Very Remote Australia","65 and over","Police issued",2,0,0,2
2024,"TAS","Unknown","0-16","Camera",1,0,0,1
2024,"TAS","Unknown","17-25","Camera",21,0,0,21
2024,"TAS","Unknown","17-25","Police issued",9,0,2,11
2024,"TAS","Unknown","26-39","Camera",105,0,0,105
2024,"TAS","Unknown","26-39","Police issued",16,0,4,20
2024,"TAS","Unknown","40-64","Camera",93,0,0,93
2024,"TAS","Unknown","40-64","Police issued",15,0,1,16
2024,"TAS","Unknown","65 and over","Camera",39,0,0,39
2024,"TAS","Unknown","65 and over","Police issued",8,0,1,9
2024,"VIC","Inner Regional Australia","0-16","Camera",0,0,0,0
2024,"VIC","Inner Regional Australia","0-16","Camera",0,0,0,0
2024,"VIC","Inner Regional Australia","17-25","Camera",0,0,0,0
2024,"VIC","Inner Regional Australia","17-25","Camera",41,0,0,41
2024,"VIC","Inner Regional Australia","26-39","Camera",0,0,0,0
2024,"VIC","Inner Regional Australia","26-39","Camera",154,0,0,154
2024,"VIC","Inner Regional Australia","40-64","Camera",0,0,0,0
2024,"VIC","Inner Regional Australia","40-64","Camera",267,0,0,267
2024,"VIC","Inner Regional Australia","65 and over","Camera",0,0,0,0
2024,"VIC","Inner Regional Australia","65 and over","Camera",106,0,0,106
2024,"VIC","Inner Regional Australia","Unknown","Camera",0,0,0,0
2024,"VIC","Inner Regional Australia","Unknown","Camera",141,0,0,141
2024,"VIC","Major Cities of Australia","0-16","Camera",0,0,0,0
2024,"VIC","Major Cities of Australia","0-16","Camera",0,0,0,0
2024,"VIC","Major Cities of Australia","17-25","Camera",0,0,0,0
2024,"VIC","Major Cities of Australia","17-25","Camera",232,0,0,232
2024,"VIC","Major Cities of Australia","26-39","Camera",0,0,0,0
2024,"VIC","Major Cities of Australia","26-39","Camera",1067,0,0,1067
2024,"VIC","Major Cities of Australia","40-64","Camera",0,0,0,0
2024,"VIC","Major Cities of Australia","40-64","Camera",1516,0,0,1516
2024,"VIC","Major Cities of Australia","65 and over","Camera",0,0,0,0
2024,"VIC","Major Cities of Australia","65 and over","Camera",455,0,0,455
2024,"VIC","Major Cities of Australia","Unknown","Camera",0,0,0,0
2024,"VIC","Major Cities of Australia","Unknown","Camera",1115,0,0,1115
2024,"VIC","Outer Regional Australia","0-16","Camera",0,0,0,0
2024,"VIC","Outer Regional Australia","0-16","Camera",0,0,0,0
2024,"VIC","Outer Regional Australia","17-25","Camera",0,0,0,0
2024,"VIC","Outer Regional Australia","17-25","Camera",0,0,0,0
2024,"VIC","Outer Regional Australia","26-39","Camera",0,0,0,0
2024,"VIC","Outer Regional Australia","26-39","Camera",0,0,0,0
2024,"VIC","Outer Regional Australia","40-64","Camera",0,0,0,0
2024,"VIC","Outer Regional Australia","40-64","Camera",0,0,0,0
2024,"VIC","Outer Regional Australia","65 and over","Camera",0,0,0,0
2024,"VIC","Outer Regional Australia","65 and over","Camera",0,0,0,0
2024,"VIC","Outer Regional Australia","Unknown","Camera",0,0,0,0
2024,"VIC","Outer Regional Australia","Unknown","Camera",0,0,0,0
2024,"VIC","Remote Australia","0-16","Camera",0,0,0,0
2024,"VIC","Remote Australia","0-16","Camera",0,0,0,0
2024,"VIC","Remote Australia","17-25","Camera",0,0,0,0
2024,"VIC","Remote Australia","17-25","Camera",0,0,0,0
2024,"VIC","Remote Australia","26-39","Camera",0,0,0,0
2024,"VIC","Remote Australia","26-39","Camera",0,0,0,0
2024,"VIC","Remote Australia","40-64","Camera",0,0,0,0
2024,"VIC","Remote Australia","40-64","Camera",0,0,0,0
2024,"VIC","Remote Australia","65 and over","Camera",0,0,0,0
2024,"VIC","Remote Australia","65 and over","Camera",0,0,0,0
2024,"VIC","Remote Australia","Unknown","Camera",0,0,0,0
2024,"VIC","Remote Australia","Unknown","Camera",0,0,0,0
2024,"VIC","Unknown","0-16","Camera",0,0,0,0
2024,"VIC","Unknown","0-16","Camera",0,0,0,0
2024,"VIC","Unknown","17-25","Camera",0,0,0,0
2024,"VIC","Unknown","17-25","Camera",0,0,0,0
2024,"VIC","Unknown","17-25","Police issued",59,0,0,59
2024,"VIC","Unknown","26-39","Camera",0,0,0,0
2024,"VIC","Unknown","26-39","Camera",0,0,0,0
2024,"VIC","Unknown","26-39","Police issued",174,0,0,174
2024,"VIC","Unknown","40-64","Camera",0,0,0,0
2024,"VIC","Unknown","40-64","Camera",0,0,0,0
2024,"VIC","Unknown","40-64","Police issued",153,0,0,153
2024,"VIC","Unknown","65 and over","Camera",0,0,0,0
2024,"VIC","Unknown","65 and over","Camera",0,0,0,0
2024,"VIC","Unknown","65 and over","Police issued",28,0,0,28
2024,"VIC","Unknown","Unknown","Camera",0,0,0,0
2024,"VIC","Unknown","Unknown","Camera",0,0,0,0
2024,"WA","Unknown","0-16","Unknown",0,0,1,1
2024,"WA","Unknown","17-25","Police issued",66,0,0,66
2024,"WA","Unknown","17-25","Unknown",0,0,4,4
2024,"WA","Unknown","26-39","Police issued",94,0,0,94
2024,"WA","Unknown","26-39","Unknown",0,2,16,18
2024,"WA","Unknown","40-64","Police issued",66,0,0,66
2024,"WA","Unknown","40-64","Unknown",0,0,2,2
2024,"WA","Unknown","65 and over","Police issued",16,0,0,16
2024,"WA","Unknown","65 and over","Unknown",0,0,1,1
2024,"ACT","Major Cities of Australia","40-64","Police issued",1,0,0,1
2024,"NSW","Inner Regional Australia","17-25","Police issued",66,0,6,72
2024,"NSW","Inner Regional Australia","26-39","Police issued",105,0,1,106
2024,"NSW","Inner Regional Australia","40-64","Police issued",70,0,0,70
2024,"NSW","Inner Regional Australia","65 and over","Police issued",14,0,1,15
2024,"NSW","Major Cities of Australia","17-25","Police issued",90,0,3,93
2024,"NSW","Major Cities of Australia","26-39","Police issued",180,0,5,185
2024,"NSW","Major Cities of Australia","40-64","Police issued",119,0,2,121
2024,"NSW","Major Cities of Australia","65 and over","Police issued",16,0,0,16
2024,"NSW","Outer Regional Australia","0-16","Police issued",3,0,0,3
2024,"NSW","Outer Regional Australia","17-25","Police issued",14,0,1,15
2024,"NSW","Outer Regional Australia","26-39","Police issued",35,0,3,38
2024,"NSW","Outer Regional Australia","40-64","Police issued",28,0,0,28
2024,"NSW","Outer Regional Australia","65 and over","Police issued",2,0,0,2
2024,"NSW","Remote Australia","17-25","Police issued",2,0,1,3
2024,"NSW","Remote Australia","26-39","Police issued",5,0,0,5
2024,"NSW","Remote Australia","40-64","Police issued",3,0,0,3
2024,"NSW","Unknown","17-25","Police issued",1,0,0,1
2024,"NSW","Unknown","26-39","Police issued",5,0,0,5
2024,"NSW","Unknown","40-64","Police issued",2,0,0,2
2024,"NSW","Unknown","65 and over","Police issued",1,0,0,1
2024,"NSW","Very Remote Australia","17-25","Police issued",3,0,0,3
2024,"NSW","Very Remote Australia","26-39","Police issued",2,0,1,3
2024,"NT","Unknown","0-16","Police issued",0,1,3,4
2024,"NT","Unknown","17-25","Police issued",9,1,27,37
2024,"NT","Unknown","26-39","Police issued",30,1,14,45
2024,"NT","Unknown","40-64","Police issued",22,2,23,47
2024,"QLD","Unknown","0-16","Camera",63,0,0,63
2024,"QLD","Unknown","0-16","Police issued",2,0,0,2
2024,"QLD","Unknown","17-25","Camera",437,0,0,437
2024,"QLD","Unknown","17-25","Police issued",61,0,0,61
2024,"QLD","Unknown","26-39","Camera",1040,0,0,1040
2024,"QLD","Unknown","26-39","Police issued",117,0,0,117
2024,"QLD","Unknown","40-64","Camera",1125,0,0,1125
2024,"QLD","Unknown","40-64","Police issued",80,0,0,80
2024,"QLD","Unknown","65 and over","Camera",263,0,0,263
2024,"QLD","Unknown","65 and over","Police issued",12,0,0,12
2024,"QLD","Unknown","Unknown","Camera",22,0,0,22
2024,"SA","Inner Regional Australia","17-25","Police issued",1,0,0,1
2024,"SA","Inner Regional Australia","26-39","Police issued",3,0,0,3
2024,"SA","Inner Regional Australia","40-64","Police issued",11,0,0,11
2024,"SA","Inner Regional Australia","65 and over","Police issued",7,0,0,7
2024,"SA","Major Cities of Australia","17-25","Police issued",16,0,0,16
2024,"SA","Major Cities of Australia","26-39","Police issued",27,0,0,27
2024,"SA","Major Cities of Australia","40-64","Police issued",24,0,0,24
2024,"SA","Major Cities of Australia","65 and over","Police issued",7,0,0,7
2024,"SA","Outer Regional Australia","17-25","Police issued",6,0,0,6
2024,"SA","Outer Regional Australia","26-39","Police issued",13,0,0,13
2024,"SA","Outer Regional Australia","40-64","Police issued",11,0,0,11
2024,"SA","Outer Regional Australia","65 and over","Police issued",3,0,0,3
2024,"SA","Remote Australia","26-39","Police issued",2,0,0,2
2024,"SA","Remote Australia","40-64","Police issued",3,0,0,3
2024,"SA","Remote Australia","65 and over","Police issued",2,0,0,2
2024,"SA","Unknown","17-25","Police issued",1,0,0,1
2024,"SA","Unknown","26-39","Police issued",3,0,0,3
2024,"SA","Unknown","40-64","Police issued",1,0,0,1
2024,"SA","Unknown","65 and over","Police issued",1,0,0,1
2024,"SA","Very Remote Australia","17-25","Police issued",2,0,0,2
2024,"SA","Very Remote Australia","26-39","Police issued",9,0,0,9
2024,"SA","Very Remote Australia","40-64","Police issued",5,0,0,5
2024,"TAS","Unknown","17-25","Camera",9,0,0,9
2024,"TAS","Unknown","17-25","Police issued",7,0,3,10
2024,"TAS","Unknown","26-39","Camera",57,0,0,57
2024,"TAS","Unknown","26-39","Police issued",6,0,1,7
2024,"TAS","Unknown","40-64","Camera",65,0,0,65
2024,"TAS","Unknown","40-64","Police issued",15,0,6,21
2024,"TAS","Unknown","65 and over","Camera",37,0,0,37
2024,"TAS","Unknown","65 and over","Police issued",5,0,0,5
2024,"TAS","Unknown","Unknown","Camera",1,0,0,1
2024,"VIC","Inner Regional Australia","0-16","Camera",0,0,0,0
2024,"VIC","Inner Regional Australia","0-16","Camera",0,0,0,0
2024,"VIC","Inner Regional Australia","17-25","Camera",0,0,0,0
2024,"VIC","Inner Regional Australia","17-25","Camera",73,0,0,73
2024,"VIC","Inner Regional Australia","26-39","Camera",0,0,0,0
2024,"VIC","Inner Regional Australia","26-39","Camera",169,0,0,169
2024,"VIC","Inner Regional Australia","40-64","Camera",0,0,0,0
2024,"VIC","Inner Regional Australia","40-64","Camera",247,0,0,247
2024,"VIC","Inner Regional Australia","65 and over","Camera",0,0,0,0
2024,"VIC","Inner Regional Australia","65 and over","Camera",118,0,0,118
2024,"VIC","Inner Regional Australia","Unknown","Camera",0,0,0,0
2024,"VIC","Inner Regional Australia","Unknown","Camera",178,0,0,178
2024,"VIC","Major Cities of Australia","0-16","Camera",0,0,0,0
2024,"VIC","Major Cities of Australia","0-16","Camera",0,0,0,0
2024,"VIC","Major Cities of Australia","17-25","Camera",0,0,0,0
2024,"VIC","Major Cities of Australia","17-25","Camera",277,0,0,277
2024,"VIC","Major Cities of Australia","26-39","Camera",0,0,0,0
2024,"VIC","Major Cities of Australia","26-39","Camera",1093,0,0,1093
2024,"VIC","Major Cities of Australia","40-64","Camera",0,0,0,0
2024,"VIC","Major Cities of Australia","40-64","Camera",1618,0,0,1618
2024,"VIC","Major Cities of Australia","65 and over","Camera",0,0,0,0
2024,"VIC","Major Cities of Australia","65 and over","Camera",404,0,0,404
2024,"VIC","Major Cities of Australia","Unknown","Camera",0,0,0,0
2024,"VIC","Major Cities of Australia","Unknown","Camera",1045,0,0,1045
2024,"VIC","Outer Regional Australia","0-16","Camera",0,0,0,0
2024,"VIC","Outer Regional Australia","0-16","Camera",0,0,0,0
2024,"VIC","Outer Regional Australia","17-25","Camera",0,0,0,0
2024,"VIC","Outer Regional Australia","17-25","Camera",16,0,0,16
2024,"VIC","Outer Regional Australia","26-39","Camera",0,0,0,0
2024,"VIC","Outer Regional Australia","26-39","Camera",81,0,0,81
2024,"VIC","Outer Regional Australia","40-64","Camera",0,0,0,0
2024,"VIC","Outer Regional Australia","40-64","Camera",74,0,0,74
2024,"VIC","Outer Regional Australia","65 and over","Camera",0,0,0,0
2024,"VIC","Outer Regional Australia","65 and over","Camera",41,0,0,41
2024,"VIC","Outer Regional Australia","Unknown","Camera",0,0,0,0
2024,"VIC","Outer Regional Australia","Unknown","Camera",82,0,0,82
2024,"VIC","Remote Australia","0-16","Camera",0,0,0,0
2024,"VIC","Remote Australia","0-16","Camera",0,0,0,0
2024,"VIC","Remote Australia","17-25","Camera",0,0,0,0
2024,"VIC","Remote Australia","17-25","Camera",0,0,0,0
2024,"VIC","Remote Australia","26-39","Camera",0,0,0,0
2024,"VIC","Remote Australia","26-39","Camera",0,0,0,0
2024,"VIC","Remote Australia","40-64","Camera",0,0,0,0
2024,"VIC","Remote Australia","40-64","Camera",0,0,0,0
2024,"VIC","Remote Australia","65 and over","Camera",0,0,0,0
2024,"VIC","Remote Australia","65 and over","Camera",0,0,0,0
2024,"VIC","Remote Australia","Unknown","Camera",0,0,0,0
2024,"VIC","Remote Australia","Unknown","Camera",0,0,0,0
2024,"VIC","Unknown","0-16","Camera",0,0,0,0
2024,"VIC","Unknown","0-16","Camera",0,0,0,0
2024,"VIC","Unknown","0-16","Police issued",1,0,0,1
2024,"VIC","Unknown","17-25","Camera",0,0,0,0
2024,"VIC","Unknown","17-25","Camera",0,0,0,0
2024,"VIC","Unknown","17-25","Police issued",76,0,0,76
2024,"VIC","Unknown","26-39","Camera",0,0,0,0
2024,"VIC","Unknown","26-39","Camera",0,0,0,0
2024,"VIC","Unknown","26-39","Police issued",154,0,0,154
2024,"VIC","Unknown","40-64","Camera",0,0,0,0
2024,"VIC","Unknown","40-64","Camera",0,0,0,0
2024,"VIC","Unknown","40-64","Police issued",147,0,0,147
2024,"VIC","Unknown","65 and over","Camera",0,0,0,0
2024,"VIC","Unknown","65 and over","Camera",0,0,0,0
2024,"VIC","Unknown","65 and over","Police issued",39,0,0,39
2024,"VIC","Unknown","Unknown","Camera",0,0,0,0
2024,"VIC","Unknown","Unknown","Camera",0,0,0,0
2024,"WA","Unknown","17-25","Police issued",40,0,0,40
2024,"WA","Unknown","17-25","Unknown",0,0,12,12
2024,"WA","Unknown","26-39","Police issued",65,0,0,65
2024,"WA","Unknown","26-39","Unknown",0,0,8,8
2024,"WA","Unknown","40-64","Police issued",52,0,0,52
2024,"WA","Unknown","40-64","Unknown",0,0,2,2
2024,"WA","Unknown","65 and over","Police issued",11,0,0,11
2024,"ACT","Major Cities of Australia","17-25","Police issued",0,0,1,1
2024,"ACT","Major Cities of Australia","26-39","Police issued",3,0,0,3
2024,"NSW","Inner Regional Australia","17-25","Police issued",51,0,2,53
2024,"NSW","Inner Regional Australia","26-39","Police issued",64,0,1,65
2024,"NSW","Inner Regional Australia","40-64","Police issued",31,0,0,31
2024,"NSW","Inner Regional Australia","65 and over","Police issued",9,0,0,9
2024,"NSW","Major Cities of Australia","0-16","Police issued",1,0,0,1
2024,"NSW","Major Cities of Australia","17-25","Police issued",64,0,4,68
2024,"NSW","Major Cities of Australia","26-39","Police issued",89,0,5,94
2024,"NSW","Major Cities of Australia","40-64","Police issued",54,0,1,55
2024,"NSW","Major Cities of Australia","65 and over","Police issued",15,0,0,15
2024,"NSW","Outer Regional Australia","17-25","Police issued",12,0,0,12
2024,"NSW","Outer Regional Australia","26-39","Police issued",14,0,0,14
2024,"NSW","Outer Regional Australia","40-64","Police issued",9,0,1,10
2024,"NSW","Outer Regional Australia","65 and over","Police issued",4,0,0,4
2024,"NSW","Remote Australia","17-25","Police issued",5,0,0,5
2024,"NSW","Remote Australia","26-39","Police issued",5,0,1,6
2024,"NSW","Remote Australia","40-64","Police issued",5,0,0,5
2024,"NSW","Remote Australia","65 and over","Police issued",1,0,0,1
2024,"NSW","Unknown","17-25","Police issued",7,0,0,7
2024,"NSW","Unknown","26-39","Police issued",3,0,0,3
2024,"NSW","Unknown","40-64","Police issued",3,0,0,3
2024,"NSW","Unknown","65 and over","Police issued",1,0,0,1
2024,"NSW","Unknown","Unknown","Camera",16566,0,0,16566
2024,"NSW","Very Remote Australia","26-39","Police issued",2,0,0,2
2024,"NSW","Very Remote Australia","40-64","Police issued",3,0,0,3
2024,"NT","Unknown","17-25","Police issued",19,1,21,41
2024,"NT","Unknown","26-39","Police issued",36,3,43,82
2024,"NT","Unknown","40-64","Police issued",32,1,9,42
2024,"NT","Unknown","65 and over","Police issued",4,0,0,4
2024,"QLD","Unknown","0-16","Camera",71,0,0,71
2024,"QLD","Unknown","0-16","Police issued",1,0,0,1
2024,"QLD","Unknown","17-25","Camera",431,0,0,431
2024,"QLD","Unknown","17-25","Police issued",57,0,0,57
2024,"QLD","Unknown","26-39","Camera",1150,0,0,1150
2024,"QLD","Unknown","26-39","Police issued",119,0,0,119
2024,"QLD","Unknown","40-64","Camera",1253,0,0,1253
2024,"QLD","Unknown","40-64","Police issued",82,0,0,82
2024,"QLD","Unknown","65 and over","Camera",281,0,0,281
2024,"QLD","Unknown","65 and over","Police issued",10,0,0,10
2024,"QLD","Unknown","Unknown","Camera",10,0,0,10
2024,"SA","Inner Regional Australia","17-25","Police issued",2,0,0,2
2024,"SA","Inner Regional Australia","26-39","Police issued",6,0,0,6
2024,"SA","Inner Regional Australia","40-64","Police issued",11,0,0,11
2024,"SA","Inner Regional Australia","65 and over","Police issued",5,0,0,5
2024,"SA","Major Cities of Australia","17-25","Police issued",30,0,0,30
2024,"SA","Major Cities of Australia","26-39","Police issued",47,0,0,47
2024,"SA","Major Cities of Australia","40-64","Police issued",43,0,0,43
2024,"SA","Major Cities of Australia","65 and over","Police issued",14,0,0,14
2024,"SA","Outer Regional Australia","17-25","Police issued",8,0,0,8
2024,"SA","Outer Regional Australia","26-39","Police issued",11,0,0,11
2024,"SA","Outer Regional Australia","40-64","Police issued",14,0,0,14
2024,"SA","Outer Regional Australia","65 and over","Police issued",3,0,0,3
2024,"SA","Remote Australia","17-25","Police issued",1,0,0,1
2024,"SA","Remote Australia","26-39","Police issued",3,0,0,3
2024,"SA","Remote Australia","40-64","Police issued",3,0,0,3
2024,"SA","Remote Australia","65 and over","Police issued",1,0,0,1
2024,"SA","Unknown","26-39","Police issued",1,0,0,1
2024,"SA","Unknown","40-64","Police issued",1,0,0,1
2024,"SA","Very Remote Australia","17-25","Police issued",2,0,0,2
2024,"SA","Very Remote Australia","26-39","Police issued",5,0,0,5
2024,"SA","Very Remote Australia","40-64","Police issued",7,0,0,7
2024,"TAS","Unknown","17-25","Camera",27,0,0,27
2024,"TAS","Unknown","17-25","Police issued",10,0,1,11
2024,"TAS","Unknown","26-39","Camera",54,0,0,54
2024,"TAS","Unknown","26-39","Police issued",16,0,3,19
2024,"TAS","Unknown","40-64","Camera",101,0,0,101
2024,"TAS","Unknown","40-64","Police issued",12,0,4,16
2024,"TAS","Unknown","65 and over","Camera",47,0,0,47
2024,"TAS","Unknown","65 and over","Police issued",4,0,1,5
2024,"VIC","Inner Regional Australia","0-16","Camera",0,0,0,0
2024,"VIC","Inner Regional Australia","0-16","Camera",0,0,0,0
2024,"VIC","Inner Regional Australia","17-25","Camera",0,0,0,0
2024,"VIC","Inner Regional Australia","17-25","Camera",39,0,0,39
2024,"VIC","Inner Regional Australia","26-39","Camera",0,0,0,0
2024,"VIC","Inner Regional Australia","26-39","Camera",155,0,0,155
2024,"VIC","Inner Regional Australia","40-64","Camera",0,0,0,0
2024,"VIC","Inner Regional Australia","40-64","Camera",203,0,0,203
2024,"VIC","Inner Regional Australia","65 and over","Camera",0,0,0,0
2024,"VIC","Inner Regional Australia","65 and over","Camera",78,0,0,78
2024,"VIC","Inner Regional Australia","Unknown","Camera",0,0,0,0
2024,"VIC","Inner Regional Australia","Unknown","Camera",195,0,0,195
2024,"VIC","Major Cities of Australia","0-16","Camera",0,0,0,0
2024,"VIC","Major Cities of Australia","0-16","Camera",0,0,0,0
2024,"VIC","Major Cities of Australia","17-25","Camera",0,0,0,0
2024,"VIC","Major Cities of Australia","17-25","Camera",345,0,0,345
2024,"VIC","Major Cities of Australia","26-39","Camera",0,0,0,0
2024,"VIC","Major Cities of Australia","26-39","Camera",1549,0,0,1549
2024,"VIC","Major Cities of Australia","40-64","Camera",0,0,0,0
2024,"VIC","Major Cities of Australia","40-64","Camera",1940,0,0,1940
2024,"VIC","Major Cities of Australia","65 and over","Camera",0,0,0,0
2024,"VIC","Major Cities of Australia","65 and over","Camera",507,0,0,507
2024,"VIC","Major Cities of Australia","Unknown","Camera",0,0,0,0
2024,"VIC","Major Cities of Australia","Unknown","Camera",1347,0,0,1347
2024,"VIC","Outer Regional Australia","0-16","Camera",0,0,0,0
2024,"VIC","Outer Regional Australia","0-16","Camera",0,0,0,0
2024,"VIC","Outer Regional Australia","17-25","Camera",0,0,0,0
2024,"VIC","Outer Regional Australia","17-25","Camera",29,0,0,29
2024,"VIC","Outer Regional Australia","26-39","Camera",0,0,0,0
2024,"VIC","Outer Regional Australia","26-39","Camera",131,0,0,131
2024,"VIC","Outer Regional Australia","40-64","Camera",0,0,0,0
2024,"VIC","Outer Regional Australia","40-64","Camera",176,0,0,176
2024,"VIC","Outer Regional Australia","65 and over","Camera",0,0,0,0
2024,"VIC","Outer Regional Australia","65 and over","Camera",67,0,0,67
2024,"VIC","Outer Regional Australia","Unknown","Camera",0,0,0,0
2024,"VIC","Outer Regional Australia","Unknown","Camera",90,0,0,90
2024,"VIC","Remote Australia","0-16","Camera",0,0,0,0
2024,"VIC","Remote Australia","0-16","Camera",0,0,0,0
2024,"VIC","Remote Australia","17-25","Camera",0,0,0,0
2024,"VIC","Remote Australia","17-25","Camera",0,0,0,0
2024,"VIC","Remote Australia","26-39","Camera",0,0,0,0
2024,"VIC","Remote Australia","26-39","Camera",0,0,0,0
2024,"VIC","Remote Australia","40-64","Camera",0,0,0,0
2024,"VIC","Remote Australia","40-64","Camera",0,0,0,0
2024,"VIC","Remote Australia","65 and over","Camera",0,0,0,0
2024,"VIC","Remote Australia","65 and over","Camera",0,0,0,0
2024,"VIC","Remote Australia","Unknown","Camera",0,0,0,0
2024,"VIC","Remote Australia","Unknown","Camera",0,0,0,0
2024,"VIC","Unknown","0-16","Camera",0,0,0,0
2024,"VIC","Unknown","0-16","Camera",0,0,0,0
2024,"VIC","Unknown","0-16","Police issued",2,0,0,2
2024,"VIC","Unknown","17-25","Camera",0,0,0,0
2024,"VIC","Unknown","17-25","Camera",0,0,0,0
2024,"VIC","Unknown","17-25","Police issued",68,0,0,68
2024,"VIC","Unknown","26-39","Camera",0,0,0,0
2024,"VIC","Unknown","26-39","Camera",0,0,0,0
2024,"VIC","Unknown","26-39","Police issued",178,0,0,178
2024,"VIC","Unknown","40-64","Camera",0,0,0,0
2024,"VIC","Unknown","40-64","Camera",0,0,0,0
2024,"VIC","Unknown","40-64","Police issued",144,0,0,144
2024,"VIC","Unknown","65 and over","Camera",0,0,0,0
2024,"VIC","Unknown","65 and over","Camera",0,0,0,0
2024,"VIC","Unknown","65 and over","Police issued",32,0,0,32
2024,"VIC","Unknown","Unknown","Camera",0,0,0,0
2024,"VIC","Unknown","Unknown","Camera",0,0,0,0
2024,"WA","Unknown","17-25","Police issued",52,0,0,52
2024,"WA","Unknown","17-25","Unknown",0,0,14,14
2024,"WA","Unknown","26-39","Police issued",88,0,0,88
2024,"WA","Unknown","26-39","Unknown",0,0,18,18
2024,"WA","Unknown","40-64","Police issued",64,0,0,64
2024,"WA","Unknown","40-64","Unknown",0,2,6,8
2024,"WA","Unknown","65 and over","Police issued",8,0,0,8
2024,"ACT","Major Cities of Australia","40-64","Police issued",1,0,0,1
2024,"NSW","Inner Regional Australia","0-16","Police issued",0,0,1,1
2024,"NSW","Inner Regional Australia","17-25","Police issued",45,0,2,47
2024,"NSW","Inner Regional Australia","26-39","Police issued",56,0,1,57
2024,"NSW","Inner Regional Australia","40-64","Police issued",44,0,0,44
2024,"NSW","Inner Regional Australia","65 and over","Police issued",10,0,0,10
2024,"NSW","Major Cities of Australia","0-16","Police issued",1,0,1,2
2024,"NSW","Major Cities of Australia","17-25","Police issued",73,0,3,76
2024,"NSW","Major Cities of Australia","26-39","Police issued",152,0,4,156
2024,"NSW","Major Cities of Australia","40-64","Police issued",88,0,4,92
2024,"NSW","Major Cities of Australia","65 and over","Police issued",13,0,0,13
2024,"NSW","Outer Regional Australia","17-25","Police issued",19,0,0,19
2024,"NSW","Outer Regional Australia","26-39","Police issued",24,0,0,24
2024,"NSW","Outer Regional Australia","40-64","Police issued",20,0,0,20
2024,"NSW","Outer Regional Australia","65 and over","Police issued",9,0,0,9
2024,"NSW","Remote Australia","17-25","Police issued",0,0,1,1
2024,"NSW","Remote Australia","26-39","Police issued",4,0,0,4
2024,"NSW","Remote Australia","40-64","Police issued",1,0,0,1
2024,"NSW","Remote Australia","65 and over","Police issued",1,0,0,1
2024,"NSW","Unknown","26-39","Police issued",1,0,0,1
2024,"NSW","Unknown","40-64","Police issued",5,0,0,5
2024,"NSW","Unknown","Unknown","Camera",11055,0,0,11055
2024,"NSW","Very Remote Australia","17-25","Police issued",1,0,0,1
2024,"NSW","Very Remote Australia","26-39","Police issued",4,0,0,4
2024,"NSW","Very Remote Australia","40-64","Police issued",2,0,0,2
2024,"NT","Unknown","0-16","Police issued",0,0,1,1
2024,"NT","Unknown","17-25","Police issued",13,1,27,41
2024,"NT","Unknown","26-39","Police issued",50,3,44,97
2024,"NT","Unknown","40-64","Police issued",31,1,22,54
2024,"NT","Unknown","65 and over","Police issued",0,0,1,1
2024,"QLD","Unknown","0-16","Camera",64,0,0,64
2024,"QLD","Unknown","0-16","Police issued",1,0,0,1
2024,"QLD","Unknown","17-25","Camera",449,0,0,449
2024,"QLD","Unknown","17-25","Police issued",71,0,0,71
2024,"QLD","Unknown","26-39","Camera",1239,0,0,1239
2024,"QLD","Unknown","26-39","Police issued",158,0,0,158
2024,"QLD","Unknown","40-64","Camera",1210,0,0,1210
2024,"QLD","Unknown","40-64","Police issued",82,0,0,82
2024,"QLD","Unknown","65 and over","Camera",279,0,0,279
2024,"QLD","Unknown","65 and over","Police issued",18,0,0,18
2024,"QLD","Unknown","Unknown","Camera",17,0,0,17
2024,"SA","Inner Regional Australia","0-16","Police issued",1,0,0,1
2024,"SA","Inner Regional Australia","17-25","Police issued",1,0,0,1
2024,"SA","Inner Regional Australia","26-39","Police issued",9,0,0,9
2024,"SA","Inner Regional Australia","40-64","Police issued",7,0,0,7
2024,"SA","Inner Regional Australia","65 and over","Police issued",9,0,0,9
2024,"SA","Major Cities of Australia","0-16","Police issued",4,0,0,4
2024,"SA","Major Cities of Australia","17-25","Police issued",12,0,0,12
2024,"SA","Major Cities of Australia","26-39","Police issued",33,0,0,33
2024,"SA","Major Cities of Australia","40-64","Police issued",58,0,0,58
2024,"SA","Major Cities of Australia","65 and over","Police issued",15,0,0,15
2024,"SA","Outer Regional Australia","17-25","Police issued",7,0,0,7
2024,"SA","Outer Regional Australia","26-39","Police issued",8,0,0,8
2024,"SA","Outer Regional Australia","40-64","Police issued",10,0,0,10
2024,"SA","Outer Regional Australia","65 and over","Police issued",5,0,0,5
2024,"SA","Remote Australia","26-39","Police issued",1,0,0,1
2024,"SA","Remote Australia","40-64","Police issued",3,0,0,3
2024,"SA","Remote Australia","65 and over","Police issued",1,0,0,1
2024,"SA","Unknown","26-39","Police issued",1,0,0,1
2024,"SA","Very Remote Australia","17-25","Police issued",2,0,0,2
2024,"SA","Very Remote Australia","26-39","Police issued",4,0,0,4
2024,"SA","Very Remote Australia","40-64","Police issued",8,0,0,8
2024,"SA","Very Remote Australia","65 and over","Police issued",3,0,0,3
2024,"TAS","Unknown","0-16","Police issued",0,2,0,2
2024,"TAS","Unknown","17-25","Camera",26,0,0,26
2024,"TAS","Unknown","17-25","Police issued",7,0,2,9
2024,"TAS","Unknown","26-39","Camera",94,0,0,94
2024,"TAS","Unknown","26-39","Police issued",16,0,0,16
2024,"TAS","Unknown","40-64","Camera",106,0,0,106
2024,"TAS","Unknown","40-64","Police issued",10,0,2,12
2024,"TAS","Unknown","65 and over","Camera",51,0,0,51
2024,"TAS","Unknown","65 and over","Police issued",10,0,2,12
2024,"VIC","Inner Regional Australia","0-16","Camera",0,0,0,0
2024,"VIC","Inner Regional Australia","0-16","Camera",0,0,0,0
2024,"VIC","Inner Regional Australia","17-25","Camera",0,0,0,0
2024,"VIC","Inner Regional Australia","17-25","Camera",51,0,0,51
2024,"VIC","Inner Regional Australia","26-39","Camera",0,0,0,0
2024,"VIC","Inner Regional Australia","26-39","Camera",214,0,0,214
2024,"VIC","Inner Regional Australia","40-64","Camera",0,0,0,0
2024,"VIC","Inner Regional Australia","40-64","Camera",323,0,0,323
2024,"VIC","Inner Regional Australia","65 and over","Camera",0,0,0,0
2024,"VIC","Inner Regional Australia","65 and over","Camera",123,0,0,123
2024,"VIC","Inner Regional Australia","Unknown","Camera",0,0,0,0
2024,"VIC","Inner Regional Australia","Unknown","Camera",259,0,0,259
2024,"VIC","Major Cities of Australia","0-16","Camera",0,0,0,0
2024,"VIC","Major Cities of Australia","0-16","Camera",0,0,0,0
2024,"VIC","Major Cities of Australia","17-25","Camera",0,0,0,0
2024,"VIC","Major Cities of Australia","17-25","Camera",393,0,0,393
2024,"VIC","Major Cities of Australia","26-39","Camera",0,0,0,0
2024,"VIC","Major Cities of Australia","26-39","Camera",1674,0,0,1674
2024,"VIC","Major Cities of Australia","40-64","Camera",0,0,0,0
2024,"VIC","Major Cities of Australia","40-64","Camera",2168,0,0,2168
2024,"VIC","Major Cities of Australia","65 and over","Camera",0,0,0,0
2024,"VIC","Major Cities of Australia","65 and over","Camera",502,0,0,502
2024,"VIC","Major Cities of Australia","Unknown","Camera",0,0,0,0
2024,"VIC","Major Cities of Australia","Unknown","Camera",1595,0,0,1595
2024,"VIC","Outer Regional Australia","0-16","Camera",0,0,0,0
2024,"VIC","Outer Regional Australia","0-16","Camera",0,0,0,0
2024,"VIC","Outer Regional Australia","17-25","Camera",0,0,0,0
2024,"VIC","Outer Regional Australia","17-25","Camera",0,0,0,0
2024,"VIC","Outer Regional Australia","26-39","Camera",0,0,0,0
2024,"VIC","Outer Regional Australia","26-39","Camera",0,0,0,0
2024,"VIC","Outer Regional Australia","40-64","Camera",0,0,0,0
2024,"VIC","Outer Regional Australia","40-64","Camera",0,0,0,0
2024,"VIC","Outer Regional Australia","65 and over","Camera",0,0,0,0
2024,"VIC","Outer Regional Australia","65 and over","Camera",0,0,0,0
2024,"VIC","Outer Regional Australia","Unknown","Camera",0,0,0,0
2024,"VIC","Outer Regional Australia","Unknown","Camera",0,0,0,0
2024,"VIC","Remote Australia","0-16","Camera",0,0,0,0
2024,"VIC","Remote Australia","0-16","Camera",0,0,0,0
2024,"VIC","Remote Australia","17-25","Camera",0,0,0,0
2024,"VIC","Remote Australia","17-25","Camera",0,0,0,0
2024,"VIC","Remote Australia","26-39","Camera",0,0,0,0
2024,"VIC","Remote Australia","26-39","Camera",0,0,0,0
2024,"VIC","Remote Australia","40-64","Camera",0,0,0,0
2024,"VIC","Remote Australia","40-64","Camera",0,0,0,0
2024,"VIC","Remote Australia","65 and over","Camera",0,0,0,0
2024,"VIC","Remote Australia","65 and over","Camera",0,0,0,0
2024,"VIC","Remote Australia","Unknown","Camera",0,0,0,0
2024,"VIC","Remote Australia","Unknown","Camera",0,0,0,0
2024,"VIC","Unknown","0-16","Camera",0,0,0,0
2024,"VIC","Unknown","0-16","Camera",0,0,0,0
2024,"VIC","Unknown","0-16","Police issued",2,0,0,2
2024,"VIC","Unknown","17-25","Camera",0,0,0,0
2024,"VIC","Unknown","17-25","Camera",0,0,0,0
2024,"VIC","Unknown","17-25","Police issued",102,0,0,102
2024,"VIC","Unknown","26-39","Camera",0,0,0,0
2024,"VIC","Unknown","26-39","Camera",0,0,0,0
2024,"VIC","Unknown","26-39","Police issued",221,0,0,221
2024,"VIC","Unknown","40-64","Camera",0,0,0,0
2024,"VIC","Unknown","40-64","Camera",0,0,0,0
2024,"VIC","Unknown","40-64","Police issued",116,0,0,116
2024,"VIC","Unknown","65 and over","Camera",0,0,0,0
2024,"VIC","Unknown","65 and over","Camera",0,0,0,0
2024,"VIC","Unknown","65 and over","Police issued",25,0,0,25
2024,"VIC","Unknown","Unknown","Camera",0,0,0,0
2024,"VIC","Unknown","Unknown","Camera",0,0,0,0
2024,"WA","Unknown","17-25","Police issued",50,0,0,50
2024,"WA","Unknown","17-25","Unknown",0,1,17,18
2024,"WA","Unknown","26-39","Police issued",81,0,0,81
2024,"WA","Unknown","26-39","Unknown",0,0,11,11
2024,"WA","Unknown","40-64","Police issued",47,0,0,47
2024,"WA","Unknown","40-64","Unknown",0,0,9,9
2024,"WA","Unknown","65 and over","Police issued",11,0,0,11
2024,"ACT","Major Cities of Australia","17-25","Police issued",1,0,2,3
2024,"ACT","Major Cities of Australia","26-39","Police issued",2,0,0,2
2024,"NSW","Inner Regional Australia","0-16","Police issued",2,0,0,2
2024,"NSW","Inner Regional Australia","17-25","Police issued",43,0,0,43
2024,"NSW","Inner Regional Australia","26-39","Police issued",102,0,1,103
2024,"NSW","Inner Regional Australia","40-64","Police issued",55,0,0,55
2024,"NSW","Inner Regional Australia","65 and over","Police issued",13,0,0,13
2024,"NSW","Major Cities of Australia","0-16","Police issued",3,0,0,3
2024,"NSW","Major Cities of Australia","17-25","Police issued",90,0,1,91
2024,"NSW","Major Cities of Australia","26-39","Police issued",139,0,3,142
2024,"NSW","Major Cities of Australia","40-64","Police issued",116,0,2,118
2024,"NSW","Major Cities of Australia","65 and over","Police issued",11,0,0,11
2024,"NSW","Outer Regional Australia","17-25","Police issued",7,0,1,8
2024,"NSW","Outer Regional Australia","26-39","Police issued",22,0,1,23
2024,"NSW","Outer Regional Australia","40-64","Police issued",16,0,0,16
2024,"NSW","Outer Regional Australia","65 and over","Police issued",5,0,0,5
2024,"NSW","Remote Australia","17-25","Police issued",0,0,1,1
2024,"NSW","Remote Australia","26-39","Police issued",5,0,0,5
2024,"NSW","Remote Australia","40-64","Police issued",2,0,0,2
2024,"NSW","Unknown","17-25","Police issued",2,0,0,2
2024,"NSW","Unknown","26-39","Police issued",6,0,0,6
2024,"NSW","Unknown","40-64","Police issued",4,0,0,4
2024,"NSW","Unknown","Unknown","Camera",9061,0,0,9061
2024,"NT","Unknown","17-25","Police issued",24,1,24,49
2024,"NT","Unknown","26-39","Police issued",55,2,32,89
2024,"NT","Unknown","40-64","Police issued",33,0,10,43
2024,"NT","Unknown","65 and over","Police issued",6,0,0,6
2024,"QLD","Unknown","0-16","Camera",74,0,0,74
2024,"QLD","Unknown","0-16","Police issued",3,0,0,3
2024,"QLD","Unknown","17-25","Camera",418,0,0,418
2024,"QLD","Unknown","17-25","Police issued",55,0,0,55
2024,"QLD","Unknown","26-39","Camera",1211,0,0,1211
2024,"QLD","Unknown","26-39","Police issued",88,0,0,88
2024,"QLD","Unknown","40-64","Camera",1283,0,0,1283
2024,"QLD","Unknown","40-64","Police issued",76,0,0,76
2024,"QLD","Unknown","65 and over","Camera",293,0,0,293
2024,"QLD","Unknown","65 and over","Police issued",11,0,0,11
2024,"QLD","Unknown","Unknown","Camera",19,0,0,19
2024,"SA","Inner Regional Australia","17-25","Police issued",2,0,0,2
2024,"SA","Inner Regional Australia","26-39","Police issued",2,0,0,2
2024,"SA","Inner Regional Australia","40-64","Police issued",3,0,0,3
2024,"SA","Inner Regional Australia","65 and over","Police issued",1,0,0,1
2024,"SA","Major Cities of Australia","0-16","Police issued",1,0,0,1
2024,"SA","Major Cities of Australia","17-25","Police issued",26,0,0,26
2024,"SA","Major Cities of Australia","26-39","Police issued",41,0,0,41
2024,"SA","Major Cities of Australia","40-64","Police issued",34,0,0,34
2024,"SA","Major Cities of Australia","65 and over","Police issued",17,0,0,17
2024,"SA","Outer Regional Australia","17-25","Police issued",5,0,0,5
2024,"SA","Outer Regional Australia","26-39","Police issued",11,0,0,11
2024,"SA","Outer Regional Australia","40-64","Police issued",8,0,0,8
2024,"SA","Outer Regional Australia","65 and over","Police issued",8,0,0,8
2024,"SA","Remote Australia","17-25","Police issued",1,0,0,1
2024,"SA","Remote Australia","40-64","Police issued",1,0,0,1
2024,"SA","Unknown","26-39","Police issued",2,0,0,2
2024,"SA","Very Remote Australia","26-39","Police issued",5,0,0,5
2024,"SA","Very Remote Australia","40-64","Police issued",3,0,0,3
2024,"TAS","Unknown","17-25","Camera",19,0,0,19
2024,"TAS","Unknown","17-25","Police issued",13,0,2,15
2024,"TAS","Unknown","26-39","Camera",62,0,0,62
2024,"TAS","Unknown","26-39","Police issued",14,0,2,16
2024,"TAS","Unknown","40-64","Camera",97,0,0,97
2024,"TAS","Unknown","40-64","Police issued",20,0,1,21
2024,"TAS","Unknown","65 and over","Camera",54,0,0,54
2024,"TAS","Unknown","65 and over","Police issued",5,0,0,5
2024,"VIC","Inner Regional Australia","0-16","Camera",0,0,0,0
2024,"VIC","Inner Regional Australia","0-16","Camera",0,0,0,0
2024,"VIC","Inner Regional Australia","17-25","Camera",0,0,0,0
2024,"VIC","Inner Regional Australia","17-25","Camera",34,0,0,34
2024,"VIC","Inner Regional Australia","26-39","Camera",0,0,0,0
2024,"VIC","Inner Regional Australia","26-39","Camera",90,0,0,90
2024,"VIC","Inner Regional Australia","40-64","Camera",0,0,0,0
2024,"VIC","Inner Regional Australia","40-64","Camera",143,0,0,143
2024,"VIC","Inner Regional Australia","65 and over","Camera",0,0,0,0
2024,"VIC","Inner Regional Australia","65 and over","Camera",62,0,0,62
2024,"VIC","Inner Regional Australia","Unknown","Camera",0,0,0,0
2024,"VIC","Inner Regional Australia","Unknown","Camera",87,0,0,87
2024,"VIC","Major Cities of Australia","0-16","Camera",0,0,0,0
2024,"VIC","Major Cities of Australia","0-16","Camera",0,0,0,0
2024,"VIC","Major Cities of Australia","17-25","Camera",0,0,0,0
2024,"VIC","Major Cities of Australia","17-25","Camera",286,0,0,286
2024,"VIC","Major Cities of Australia","26-39","Camera",0,0,0,0
2024,"VIC","Major Cities of Australia","26-39","Camera",1106,0,0,1106
2024,"VIC","Major Cities of Australia","40-64","Camera",0,0,0,0
2024,"VIC","Major Cities of Australia","40-64","Camera",1535,0,0,1535
2024,"VIC","Major Cities of Australia","65 and over","Camera",0,0,0,0
2024,"VIC","Major Cities of Australia","65 and over","Camera",391,0,0,391
2024,"VIC","Major Cities of Australia","Unknown","Camera",0,0,0,0
2024,"VIC","Major Cities of Australia","Unknown","Camera",1017,0,0,1017
2024,"VIC","Outer Regional Australia","0-16","Camera",0,0,0,0
2024,"VIC","Outer Regional Australia","0-16","Camera",0,0,0,0
2024,"VIC","Outer Regional Australia","17-25","Camera",0,0,0,0
2024,"VIC","Outer Regional Australia","17-25","Camera",0,0,0,0
2024,"VIC","Outer Regional Australia","26-39","Camera",0,0,0,0
2024,"VIC","Outer Regional Australia","26-39","Camera",0,0,0,0
2024,"VIC","Outer Regional Australia","40-64","Camera",0,0,0,0
2024,"VIC","Outer Regional Australia","40-64","Camera",0,0,0,0
2024,"VIC","Outer Regional Australia","65 and over","Camera",0,0,0,0
2024,"VIC","Outer Regional Australia","65 and over","Camera",0,0,0,0
2024,"VIC","Outer Regional Australia","Unknown","Camera",0,0,0,0
2024,"VIC","Outer Regional Australia","Unknown","Camera",0,0,0,0
2024,"VIC","Remote Australia","0-16","Camera",0,0,0,0
2024,"VIC","Remote Australia","0-16","Camera",0,0,0,0
2024,"VIC","Remote Australia","17-25","Camera",0,0,0,0
2024,"VIC","Remote Australia","17-25","Camera",0,0,0,0
2024,"VIC","Remote Australia","26-39","Camera",0,0,0,0
2024,"VIC","Remote Australia","26-39","Camera",0,0,0,0
2024,"VIC","Remote Australia","40-64","Camera",0,0,0,0
2024,"VIC","Remote Australia","40-64","Camera",0,0,0,0
2024,"VIC","Remote Australia","65 and over","Camera",0,0,0,0
2024,"VIC","Remote Australia","65 and over","Camera",0,0,0,0
2024,"VIC","Remote Australia","Unknown","Camera",0,0,0,0
2024,"VIC","Remote Australia","Unknown","Camera",0,0,0,0
2024,"VIC","Unknown","0-16","Camera",0,0,0,0
2024,"VIC","Unknown","0-16","Camera",0,0,0,0
2024,"VIC","Unknown","17-25","Camera",0,0,0,0
2024,"VIC","Unknown","17-25","Camera",0,0,0,0
2024,"VIC","Unknown","17-25","Police issued",36,0,0,36
2024,"VIC","Unknown","26-39","Camera",0,0,0,0
2024,"VIC","Unknown","26-39","Camera",0,0,0,0
2024,"VIC","Unknown","26-39","Police issued",83,0,0,83
2024,"VIC","Unknown","40-64","Camera",0,0,0,0
2024,"VIC","Unknown","40-64","Camera",0,0,0,0
2024,"VIC","Unknown","40-64","Police issued",65,0,0,65
2024,"VIC","Unknown","65 and over","Camera",0,0,0,0
2024,"VIC","Unknown","65 and over","Camera",0,0,0,0
2024,"VIC","Unknown","65 and over","Police issued",10,0,0,10
2024,"VIC","Unknown","Unknown","Camera",0,0,0,0
2024,"VIC","Unknown","Unknown","Police issued",1,0,0,1
2024,"WA","Unknown","17-25","Police issued",73,0,0,73
2024,"WA","Unknown","17-25","Unknown",0,0,10,10
2024,"WA","Unknown","26-39","Police issued",94,0,0,94
2024,"WA","Unknown","26-39","Unknown",0,2,12,14
2024,"WA","Unknown","40-64","Police issued",64,0,0,64
2024,"WA","Unknown","40-64","Unknown",0,1,5,6
2024,"WA","Unknown","65 and over","Police issued",12,0,0,12
2024,"ACT","Major Cities of Australia","26-39","Police issued",2,0,0,2
2024,"ACT","Major Cities of Australia","40-64","Police issued",1,0,0,1
2024,"ACT","Major Cities of Australia","65 and over","Police issued",1,0,0,1
2024,"NSW","Inner Regional Australia","0-16","Police issued",3,0,0,3
2024,"NSW","Inner Regional Australia","17-25","Police issued",46,0,0,46
2024,"NSW","Inner Regional Australia","26-39","Police issued",86,0,13,99
2024,"NSW","Inner Regional Australia","40-64","Police issued",39,0,2,41
2024,"NSW","Inner Regional Australia","65 and over","Police issued",18,0,0,18
2024,"NSW","Major Cities of Australia","0-16","Police issued",2,0,0,2
2024,"NSW","Major Cities of Australia","17-25","Police issued",91,0,4,95
2024,"NSW","Major Cities of Australia","26-39","Police issued",159,0,4,163
2024,"NSW","Major Cities of Australia","40-64","Police issued",82,0,5,87
2024,"NSW","Major Cities of Australia","65 and over","Police issued",7,0,0,7
2024,"NSW","Outer Regional Australia","17-25","Police issued",23,0,1,24
2024,"NSW","Outer Regional Australia","26-39","Police issued",30,0,0,30
2024,"NSW","Outer Regional Australia","40-64","Police issued",19,0,0,19
2024,"NSW","Outer Regional Australia","65 and over","Police issued",7,0,0,7
2024,"NSW","Remote Australia","17-25","Police issued",2,0,0,2
2024,"NSW","Remote Australia","26-39","Police issued",2,0,1,3
2024,"NSW","Remote Australia","40-64","Police issued",3,0,0,3
2024,"NSW","Unknown","26-39","Police issued",3,0,0,3
2024,"NSW","Unknown","Unknown","Camera",10923,0,0,10923
2024,"NSW","Unknown","Unknown","Unknown",1,0,0,1
2024,"NT","Unknown","0-16","Police issued",0,0,3,3
2024,"NT","Unknown","17-25","Police issued",10,5,22,37
2024,"NT","Unknown","26-39","Police issued",31,1,32,64
2024,"NT","Unknown","40-64","Police issued",19,2,15,36
2024,"NT","Unknown","65 and over","Police issued",5,0,1,6
2024,"QLD","Unknown","0-16","Camera",91,0,0,91
2024,"QLD","Unknown","17-25","Camera",506,0,0,506
2024,"QLD","Unknown","17-25","Police issued",76,0,0,76
2024,"QLD","Unknown","26-39","Camera",1304,0,0,1304
2024,"QLD","Unknown","26-39","Police issued",145,0,0,145
2024,"QLD","Unknown","40-64","Camera",1241,0,0,1241
2024,"QLD","Unknown","40-64","Police issued",68,0,0,68
2024,"QLD","Unknown","65 and over","Camera",268,0,0,268
2024,"QLD","Unknown","65 and over","Police issued",9,0,0,9
2024,"QLD","Unknown","Unknown","Camera",22,0,0,22
2024,"SA","Inner Regional Australia","17-25","Police issued",2,0,0,2
2024,"SA","Inner Regional Australia","26-39","Police issued",4,0,0,4
2024,"SA","Inner Regional Australia","40-64","Police issued",12,0,0,12
2024,"SA","Inner Regional Australia","65 and over","Police issued",5,0,0,5
2024,"SA","Major Cities of Australia","0-16","Police issued",1,0,0,1
2024,"SA","Major Cities of Australia","17-25","Police issued",17,0,0,17
2024,"SA","Major Cities of Australia","26-39","Police issued",34,0,0,34
2024,"SA","Major Cities of Australia","40-64","Police issued",36,0,0,36
2024,"SA","Major Cities of Australia","65 and over","Police issued",13,0,0,13
2024,"SA","Outer Regional Australia","17-25","Police issued",15,0,0,15
2024,"SA","Outer Regional Australia","26-39","Police issued",11,0,0,11
2024,"SA","Outer Regional Australia","40-64","Police issued",15,0,0,15
2024,"SA","Outer Regional Australia","65 and over","Police issued",8,0,0,8
2024,"SA","Remote Australia","17-25","Police issued",3,0,0,3
2024,"SA","Remote Australia","26-39","Police issued",1,0,0,1
2024,"SA","Remote Australia","40-64","Police issued",2,0,0,2
2024,"SA","Unknown","17-25","Police issued",1,0,0,1
2024,"SA","Unknown","40-64","Police issued",1,0,0,1
2024,"SA","Very Remote Australia","17-25","Police issued",4,0,0,4
2024,"SA","Very Remote Australia","26-39","Police issued",7,0,0,7
2024,"SA","Very Remote Australia","40-64","Police issued",7,0,0,7
2024,"SA","Very Remote Australia","65 and over","Police issued",2,0,0,2
2024,"TAS","Unknown","17-25","Camera",20,0,0,20
2024,"TAS","Unknown","17-25","Police issued",8,0,1,9
2024,"TAS","Unknown","26-39","Camera",103,0,0,103
2024,"TAS","Unknown","26-39","Police issued",21,0,2,23
2024,"TAS","Unknown","40-64","Camera",89,0,0,89
2024,"TAS","Unknown","40-64","Police issued",24,0,0,24
2024,"TAS","Unknown","65 and over","Camera",53,0,0,53
2024,"TAS","Unknown","65 and over","Police issued",12,0,1,13
2024,"VIC","Inner Regional Australia","0-16","Camera",0,0,0,0
2024,"VIC","Inner Regional Australia","0-16","Camera",0,0,0,0
2024,"VIC","Inner Regional Australia","17-25","Camera",0,0,0,0
2024,"VIC","Inner Regional Australia","17-25","Camera",0,0,0,0
2024,"VIC","Inner Regional Australia","26-39","Camera",0,0,0,0
2024,"VIC","Inner Regional Australia","26-39","Camera",0,0,0,0
2024,"VIC","Inner Regional Australia","40-64","Camera",0,0,0,0
2024,"VIC","Inner Regional Australia","40-64","Camera",0,0,0,0
2024,"VIC","Inner Regional Australia","65 and over","Camera",0,0,0,0
2024,"VIC","Inner Regional Australia","65 and over","Camera",0,0,0,0
2024,"VIC","Inner Regional Australia","Unknown","Camera",0,0,0,0
2024,"VIC","Inner Regional Australia","Unknown","Camera",3,0,0,3
2024,"VIC","Major Cities of Australia","0-16","Camera",0,0,0,0
2024,"VIC","Major Cities of Australia","0-16","Camera",0,0,0,0
2024,"VIC","Major Cities of Australia","17-25","Camera",0,0,0,0
2024,"VIC","Major Cities of Australia","17-25","Camera",1,0,0,1
2024,"VIC","Major Cities of Australia","26-39","Camera",0,0,0,0
2024,"VIC","Major Cities of Australia","26-39","Camera",6,0,0,6
2024,"VIC","Major Cities of Australia","40-64","Camera",0,0,0,0
2024,"VIC","Major Cities of Australia","40-64","Camera",7,0,0,7
2024,"VIC","Major Cities of Australia","65 and over","Camera",0,0,0,0
2024,"VIC","Major Cities of Australia","65 and over","Camera",5,0,0,5
2024,"VIC","Major Cities of Australia","Unknown","Camera",0,0,0,0
2024,"VIC","Major Cities of Australia","Unknown","Camera",41,0,0,41
2024,"VIC","Outer Regional Australia","0-16","Camera",0,0,0,0
2024,"VIC","Outer Regional Australia","0-16","Camera",0,0,0,0
2024,"VIC","Outer Regional Australia","17-25","Camera",0,0,0,0
2024,"VIC","Outer Regional Australia","17-25","Camera",0,0,0,0
2024,"VIC","Outer Regional Australia","26-39","Camera",0,0,0,0
2024,"VIC","Outer Regional Australia","26-39","Camera",2,0,0,2
2024,"VIC","Outer Regional Australia","40-64","Camera",0,0,0,0
2024,"VIC","Outer Regional Australia","40-64","Camera",4,0,0,4
2024,"VIC","Outer Regional Australia","65 and over","Camera",0,0,0,0
2024,"VIC","Outer Regional Australia","65 and over","Camera",0,0,0,0
2024,"VIC","Outer Regional Australia","Unknown","Camera",0,0,0,0
2024,"VIC","Outer Regional Australia","Unknown","Camera",4,0,0,4
2024,"VIC","Remote Australia","0-16","Camera",0,0,0,0
2024,"VIC","Remote Australia","0-16","Camera",0,0,0,0
2024,"VIC","Remote Australia","17-25","Camera",0,0,0,0
2024,"VIC","Remote Australia","17-25","Camera",0,0,0,0
2024,"VIC","Remote Australia","26-39","Camera",0,0,0,0
2024,"VIC","Remote Australia","26-39","Camera",0,0,0,0
2024,"VIC","Remote Australia","40-64","Camera",0,0,0,0
2024,"VIC","Remote Australia","40-64","Camera",0,0,0,0
2024,"VIC","Remote Australia","65 and over","Camera",0,0,0,0
2024,"VIC","Remote Australia","65 and over","Camera",0,0,0,0
2024,"VIC","Remote Australia","Unknown","Camera",0,0,0,0
2024,"VIC","Remote Australia","Unknown","Camera",0,0,0,0
2024,"VIC","Unknown","0-16","Camera",0,0,0,0
2024,"VIC","Unknown","0-16","Camera",0,0,0,0
2024,"VIC","Unknown","17-25","Camera",0,0,0,0
2024,"VIC","Unknown","17-25","Camera",0,0,0,0
2024,"VIC","Unknown","17-25","Police issued",18,0,0,18
2024,"VIC","Unknown","26-39","Camera",0,0,0,0
2024,"VIC","Unknown","26-39","Camera",0,0,0,0
2024,"VIC","Unknown","26-39","Police issued",11,0,0,11
2024,"VIC","Unknown","40-64","Camera",0,0,0,0
2024,"VIC","Unknown","40-64","Camera",0,0,0,0
2024,"VIC","Unknown","40-64","Police issued",16,0,0,16
2024,"VIC","Unknown","65 and over","Camera",0,0,0,0
2024,"VIC","Unknown","65 and over","Camera",0,0,0,0
2024,"VIC","Unknown","65 and over","Police issued",2,0,0,2
2024,"VIC","Unknown","Unknown","Camera",0,0,0,0
2024,"VIC","Unknown","Unknown","Camera",0,0,0,0
2024,"WA","Unknown","0-16","Police issued",1,0,0,1
2024,"WA","Unknown","17-25","Police issued",17,0,0,17
2024,"WA","Unknown","17-25","Unknown",0,4,13,17
2024,"WA","Unknown","26-39","Police issued",34,0,0,34
2024,"WA","Unknown","26-39","Unknown",0,1,19,20
2024,"WA","Unknown","40-64","Police issued",32,0,0,32
2024,"WA","Unknown","40-64","Unknown",0,0,9,9
2024,"WA","Unknown","65 and over","Police issued",3,0,0,3
2024,"WA","Unknown","65 and over","Unknown",0,0,1,1
2024,"ACT","Major Cities of Australia","17-25","Police issued",3,0,0,3
2024,"ACT","Major Cities of Australia","26-39","Police issued",2,0,0,2
2024,"ACT","Major Cities of Australia","40-64","Police issued",1,0,0,1
2024,"NSW","Inner Regional Australia","0-16","Police issued",3,0,2,5
2024,"NSW","Inner Regional Australia","17-25","Police issued",58,0,3,61
2024,"NSW","Inner Regional Australia","26-39","Police issued",86,0,4,90
2024,"NSW","Inner Regional Australia","40-64","Police issued",62,0,1,63
2024,"NSW","Inner Regional Australia","65 and over","Police issued",14,0,0,14
2024,"NSW","Major Cities of Australia","0-16","Police issued",1,0,1,2
2024,"NSW","Major Cities of Australia","17-25","Police issued",72,0,1,73
2024,"NSW","Major Cities of Australia","26-39","Police issued",129,0,5,134
2024,"NSW","Major Cities of Australia","40-64","Police issued",91,0,3,94
2024,"NSW","Major Cities of Australia","65 and over","Police issued",22,0,1,23
2024,"NSW","Outer Regional Australia","17-25","Police issued",11,0,0,11
2024,"NSW","Outer Regional Australia","26-39","Police issued",28,0,1,29
2024,"NSW","Outer Regional Australia","40-64","Police issued",22,0,0,22
2024,"NSW","Outer Regional Australia","65 and over","Police issued",5,0,0,5
2024,"NSW","Remote Australia","17-25","Police issued",6,0,0,6
2024,"NSW","Remote Australia","26-39","Police issued",1,0,0,1
2024,"NSW","Remote Australia","40-64","Police issued",1,0,0,1
2024,"NSW","Unknown","17-25","Police issued",4,0,0,4
2024,"NSW","Unknown","26-39","Police issued",12,0,0,12
2024,"NSW","Unknown","40-64","Police issued",7,0,0,7
2024,"NSW","Unknown","65 and over","Police issued",1,0,0,1
2024,"NSW","Unknown","Unknown","Camera",11359,0,0,11359
2024,"NT","Unknown","0-16","Police issued",0,1,3,4
2024,"NT","Unknown","17-25","Police issued",8,1,19,28
2024,"NT","Unknown","26-39","Police issued",25,1,36,62
2024,"NT","Unknown","40-64","Police issued",24,3,15,42
2024,"NT","Unknown","65 and over","Police issued",5,0,0,5
2024,"QLD","Unknown","0-16","Camera",86,0,0,86
2024,"QLD","Unknown","17-25","Camera",403,0,0,403
2024,"QLD","Unknown","17-25","Police issued",74,0,0,74
2024,"QLD","Unknown","26-39","Camera",1140,0,0,1140
2024,"QLD","Unknown","26-39","Police issued",119,0,0,119
2024,"QLD","Unknown","40-64","Camera",1125,0,0,1125
2024,"QLD","Unknown","40-64","Police issued",88,0,0,88
2024,"QLD","Unknown","65 and over","Camera",261,0,0,261
2024,"QLD","Unknown","65 and over","Police issued",16,0,0,16
2024,"QLD","Unknown","Unknown","Camera",11,0,0,11
2024,"SA","Inner Regional Australia","17-25","Police issued",10,0,0,10
2024,"SA","Inner Regional Australia","26-39","Police issued",7,0,0,7
2024,"SA","Inner Regional Australia","40-64","Police issued",7,0,0,7
2024,"SA","Inner Regional Australia","65 and over","Police issued",11,0,0,11
2024,"SA","Major Cities of Australia","17-25","Police issued",19,0,0,19
2024,"SA","Major Cities of Australia","26-39","Police issued",28,0,0,28
2024,"SA","Major Cities of Australia","40-64","Police issued",47,0,0,47
2024,"SA","Major Cities of Australia","65 and over","Police issued",12,0,0,12
2024,"SA","Outer Regional Australia","17-25","Police issued",13,0,0,13
2024,"SA","Outer Regional Australia","26-39","Police issued",14,0,0,14
2024,"SA","Outer Regional Australia","40-64","Police issued",13,0,0,13
2024,"SA","Outer Regional Australia","65 and over","Police issued",5,0,0,5
2024,"SA","Remote Australia","26-39","Police issued",3,0,0,3
2024,"SA","Remote Australia","40-64","Police issued",3,0,0,3
2024,"SA","Remote Australia","65 and over","Police issued",2,0,0,2
2024,"SA","Unknown","26-39","Police issued",3,0,0,3
2024,"SA","Unknown","40-64","Police issued",2,0,0,2
2024,"SA","Very Remote Australia","26-39","Police issued",8,0,0,8
2024,"SA","Very Remote Australia","40-64","Police issued",2,0,0,2
2024,"SA","Very Remote Australia","65 and over","Police issued",2,0,0,2
2024,"TAS","Unknown","17-25","Camera",33,0,0,33
2024,"TAS","Unknown","17-25","Police issued",9,0,0,9
2024,"TAS","Unknown","26-39","Camera",81,0,0,81
2024,"TAS","Unknown","26-39","Police issued",15,0,1,16
2024,"TAS","Unknown","40-64","Camera",110,0,0,110
2024,"TAS","Unknown","40-64","Police issued",18,0,2,20
2024,"TAS","Unknown","65 and over","Camera",45,0,0,45
2024,"TAS","Unknown","65 and over","Police issued",9,0,2,11
2024,"TAS","Unknown","Unknown","Camera",1,0,0,1
2024,"VIC","Inner Regional Australia","0-16","Camera",0,0,0,0
2024,"VIC","Inner Regional Australia","0-16","Camera",0,0,0,0
2024,"VIC","Inner Regional Australia","17-25","Camera",0,0,0,0
2024,"VIC","Inner Regional Australia","17-25","Camera",0,0,0,0
2024,"VIC","Inner Regional Australia","26-39","Camera",0,0,0,0
2024,"VIC","Inner Regional Australia","26-39","Camera",0,0,0,0
2024,"VIC","Inner Regional Australia","40-64","Camera",0,0,0,0
2024,"VIC","Inner Regional Australia","40-64","Camera",0,0,0,0
2024,"VIC","Inner Regional Australia","65 and over","Camera",0,0,0,0
2024,"VIC","Inner Regional Australia","65 and over","Camera",2,0,0,2
2024,"VIC","Inner Regional Australia","Unknown","Camera",0,0,0,0
2024,"VIC","Inner Regional Australia","Unknown","Camera",2,0,0,2
2024,"VIC","Major Cities of Australia","0-16","Camera",0,0,0,0
2024,"VIC","Major Cities of Australia","0-16","Camera",0,0,0,0
2024,"VIC","Major Cities of Australia","17-25","Camera",0,0,0,0
2024,"VIC","Major Cities of Australia","17-25","Camera",1,0,0,1
2024,"VIC","Major Cities of Australia","26-39","Camera",0,0,0,0
2024,"VIC","Major Cities of Australia","26-39","Camera",13,0,0,13
2024,"VIC","Major Cities of Australia","40-64","Camera",0,0,0,0
2024,"VIC","Major Cities of Australia","40-64","Camera",10,0,0,10
2024,"VIC","Major Cities of Australia","65 and over","Camera",0,0,0,0
2024,"VIC","Major Cities of Australia","65 and over","Camera",3,0,0,3
2024,"VIC","Major Cities of Australia","Unknown","Camera",0,0,0,0
2024,"VIC","Major Cities of Australia","Unknown","Camera",46,0,0,46
2024,"VIC","Outer Regional Australia","0-16","Camera",0,0,0,0
2024,"VIC","Outer Regional Australia","0-16","Camera",0,0,0,0
2024,"VIC","Outer Regional Australia","17-25","Camera",0,0,0,0
2024,"VIC","Outer Regional Australia","17-25","Camera",0,0,0,0
2024,"VIC","Outer Regional Australia","26-39","Camera",0,0,0,0
2024,"VIC","Outer Regional Australia","26-39","Camera",0,0,0,0
2024,"VIC","Outer Regional Australia","40-64","Camera",0,0,0,0
2024,"VIC","Outer Regional Australia","40-64","Camera",0,0,0,0
2024,"VIC","Outer Regional Australia","65 and over","Camera",0,0,0,0
2024,"VIC","Outer Regional Australia","65 and over","Camera",0,0,0,0
2024,"VIC","Outer Regional Australia","Unknown","Camera",0,0,0,0
2024,"VIC","Outer Regional Australia","Unknown","Camera",0,0,0,0
2024,"VIC","Remote Australia","0-16","Camera",0,0,0,0
2024,"VIC","Remote Australia","0-16","Camera",0,0,0,0
2024,"VIC","Remote Australia","17-25","Camera",0,0,0,0
2024,"VIC","Remote Australia","17-25","Camera",0,0,0,0
2024,"VIC","Remote Australia","26-39","Camera",0,0,0,0
2024,"VIC","Remote Australia","26-39","Camera",0,0,0,0
2024,"VIC","Remote Australia","40-64","Camera",0,0,0,0
2024,"VIC","Remote Australia","40-64","Camera",0,0,0,0
2024,"VIC","Remote Australia","65 and over","Camera",0,0,0,0
2024,"VIC","Remote Australia","65 and over","Camera",0,0,0,0
2024,"VIC","Remote Australia","Unknown","Camera",0,0,0,0
2024,"VIC","Remote Australia","Unknown","Camera",0,0,0,0
2024,"VIC","Unknown","0-16","Camera",0,0,0,0
2024,"VIC","Unknown","0-16","Camera",0,0,0,0
2024,"VIC","Unknown","17-25","Camera",0,0,0,0
2024,"VIC","Unknown","17-25","Camera",0,0,0,0
2024,"VIC","Unknown","17-25","Police issued",16,0,0,16
2024,"VIC","Unknown","26-39","Camera",0,0,0,0
2024,"VIC","Unknown","26-39","Camera",0,0,0,0
2024,"VIC","Unknown","26-39","Police issued",23,0,0,23
2024,"VIC","Unknown","40-64","Camera",0,0,0,0
2024,"VIC","Unknown","40-64","Camera",0,0,0,0
2024,"VIC","Unknown","40-64","Police issued",17,0,0,17
2024,"VIC","Unknown","65 and over","Camera",0,0,0,0
2024,"VIC","Unknown","65 and over","Camera",0,0,0,0
2024,"VIC","Unknown","65 and over","Police issued",1,0,0,1
2024,"VIC","Unknown","Unknown","Camera",0,0,0,0
2024,"VIC","Unknown","Unknown","Camera",0,0,0,0
2024,"WA","Unknown","17-25","Police issued",1,0,0,1
2024,"WA","Unknown","17-25","Unknown",0,0,9,9
2024,"WA","Unknown","26-39","Police issued",5,0,0,5
2024,"WA","Unknown","26-39","Unknown",0,0,22,22
2024,"WA","Unknown","40-64","Police issued",2,0,0,2
2024,"WA","Unknown","40-64","Unknown",0,0,1,1
2024,"ACT","Major Cities of Australia","17-25","Police issued",3,0,1,4
2024,"ACT","Major Cities of Australia","26-39","Police issued",3,0,0,3
2024,"ACT","Major Cities of Australia","40-64","Police issued",4,0,1,5
2024,"NSW","Inner Regional Australia","0-16","Police issued",2,0,0,2
2024,"NSW","Inner Regional Australia","17-25","Police issued",71,0,3,74
2024,"NSW","Inner Regional Australia","26-39","Police issued",120,0,3,123
2024,"NSW","Inner Regional Australia","40-64","Police issued",80,0,0,80
2024,"NSW","Inner Regional Australia","65 and over","Police issued",18,0,0,18
2024,"NSW","Major Cities of Australia","0-16","Police issued",2,0,0,2
2024,"NSW","Major Cities of Australia","17-25","Police issued",107,0,1,108
2024,"NSW","Major Cities of Australia","26-39","Police issued",221,0,8,229
2024,"NSW","Major Cities of Australia","40-64","Police issued",123,0,3,126
2024,"NSW","Major Cities of Australia","65 and over","Police issued",25,0,0,25
2024,"NSW","Outer Regional Australia","0-16","Police issued",1,0,0,1
2024,"NSW","Outer Regional Australia","17-25","Police issued",14,0,0,14
2024,"NSW","Outer Regional Australia","26-39","Police issued",27,0,1,28
2024,"NSW","Outer Regional Australia","40-64","Police issued",27,0,0,27
2024,"NSW","Outer Regional Australia","65 and over","Police issued",7,0,0,7
2024,"NSW","Remote Australia","17-25","Police issued",3,0,1,4
2024,"NSW","Remote Australia","26-39","Police issued",3,0,0,3
2024,"NSW","Remote Australia","40-64","Police issued",8,0,1,9
2024,"NSW","Remote Australia","65 and over","Police issued",1,0,0,1
2024,"NSW","Unknown","17-25","Police issued",8,0,1,9
2024,"NSW","Unknown","26-39","Police issued",11,0,0,11
2024,"NSW","Unknown","40-64","Police issued",9,0,0,9
2024,"NSW","Unknown","65 and over","Police issued",3,0,0,3
2024,"NSW","Unknown","Unknown","Camera",13123,0,0,13123
2024,"NSW","Very Remote Australia","26-39","Police issued",2,0,0,2
2024,"NT","Unknown","0-16","Police issued",1,0,1,2
2024,"NT","Unknown","17-25","Police issued",18,0,13,31
2024,"NT","Unknown","26-39","Police issued",36,3,20,59
2024,"NT","Unknown","40-64","Police issued",21,2,32,55
2024,"NT","Unknown","65 and over","Police issued",4,0,4,8
2024,"QLD","Unknown","0-16","Camera",100,0,0,100
2024,"QLD","Unknown","0-16","Police issued",2,0,0,2
2024,"QLD","Unknown","17-25","Camera",484,0,0,484
2024,"QLD","Unknown","17-25","Police issued",96,0,0,96
2024,"QLD","Unknown","26-39","Camera",1344,0,0,1344
2024,"QLD","Unknown","26-39","Police issued",124,0,0,124
2024,"QLD","Unknown","40-64","Camera",1321,0,0,1321
2024,"QLD","Unknown","40-64","Police issued",64,0,0,64
2024,"QLD","Unknown","65 and over","Camera",244,0,0,244
2024,"QLD","Unknown","65 and over","Police issued",21,0,0,21
2024,"QLD","Unknown","Unknown","Camera",17,0,0,17
2024,"SA","Inner Regional Australia","17-25","Police issued",4,0,0,4
2024,"SA","Inner Regional Australia","26-39","Police issued",8,0,0,8
2024,"SA","Inner Regional Australia","40-64","Police issued",15,0,0,15
2024,"SA","Inner Regional Australia","65 and over","Police issued",5,0,0,5
2024,"SA","Major Cities of Australia","17-25","Police issued",22,0,0,22
2024,"SA","Major Cities of Australia","26-39","Police issued",25,0,0,25
2024,"SA","Major Cities of Australia","40-64","Police issued",39,0,0,39
2024,"SA","Major Cities of Australia","65 and over","Police issued",7,0,0,7
2024,"SA","Outer Regional Australia","17-25","Police issued",7,0,0,7
2024,"SA","Outer Regional Australia","26-39","Police issued",15,0,0,15
2024,"SA","Outer Regional Australia","40-64","Police issued",12,0,0,12
2024,"SA","Outer Regional Australia","65 and over","Police issued",15,0,0,15
2024,"SA","Remote Australia","17-25","Police issued",1,0,0,1
2024,"SA","Remote Australia","26-39","Police issued",3,0,0,3
2024,"SA","Remote Australia","40-64","Police issued",2,0,0,2
2024,"SA","Remote Australia","65 and over","Police issued",1,0,0,1
2024,"SA","Unknown","17-25","Police issued",1,0,0,1
2024,"SA","Unknown","40-64","Police issued",3,0,0,3
2024,"SA","Unknown","65 and over","Police issued",1,0,0,1
2024,"SA","Very Remote Australia","17-25","Police issued",2,0,0,2
2024,"SA","Very Remote Australia","26-39","Police issued",5,0,0,5
2024,"SA","Very Remote Australia","40-64","Police issued",3,0,0,3
2024,"TAS","Unknown","17-25","Camera",28,0,0,28
2024,"TAS","Unknown","17-25","Police issued",14,0,0,14
2024,"TAS","Unknown","26-39","Camera",72,0,0,72
2024,"TAS","Unknown","26-39","Police issued",25,0,3,28
2024,"TAS","Unknown","40-64","Camera",101,0,0,101
2024,"TAS","Unknown","40-64","Police issued",28,0,0,28
2024,"TAS","Unknown","65 and over","Camera",44,0,0,44
2024,"TAS","Unknown","65 and over","Police issued",13,0,2,15
2024,"TAS","Unknown","Unknown","Police issued",1,0,0,1
2024,"VIC","Inner Regional Australia","0-16","Camera",0,0,0,0
2024,"VIC","Inner Regional Australia","0-16","Camera",0,0,0,0
2024,"VIC","Inner Regional Australia","17-25","Camera",0,0,0,0
2024,"VIC","Inner Regional Australia","17-25","Camera",0,0,0,0
2024,"VIC","Inner Regional Australia","26-39","Camera",0,0,0,0
2024,"VIC","Inner Regional Australia","26-39","Camera",2,0,0,2
2024,"VIC","Inner Regional Australia","40-64","Camera",0,0,0,0
2024,"VIC","Inner Regional Australia","40-64","Camera",2,0,0,2
2024,"VIC","Inner Regional Australia","65 and over","Camera",0,0,0,0
2024,"VIC","Inner Regional Australia","65 and over","Camera",0,0,0,0
2024,"VIC","Inner Regional Australia","Unknown","Camera",0,0,0,0
2024,"VIC","Inner Regional Australia","Unknown","Camera",7,0,0,7
2024,"VIC","Major Cities of Australia","0-16","Camera",0,0,0,0
2024,"VIC","Major Cities of Australia","0-16","Camera",0,0,0,0
2024,"VIC","Major Cities of Australia","17-25","Camera",0,0,0,0
2024,"VIC","Major Cities of Australia","17-25","Camera",2,0,0,2
2024,"VIC","Major Cities of Australia","26-39","Camera",0,0,0,0
2024,"VIC","Major Cities of Australia","26-39","Camera",13,0,0,13
2024,"VIC","Major Cities of Australia","40-64","Camera",0,0,0,0
2024,"VIC","Major Cities of Australia","40-64","Camera",10,0,0,10
2024,"VIC","Major Cities of Australia","65 and over","Camera",0,0,0,0
2024,"VIC","Major Cities of Australia","65 and over","Camera",3,0,0,3
2024,"VIC","Major Cities of Australia","Unknown","Camera",0,0,0,0
2024,"VIC","Major Cities of Australia","Unknown","Camera",14,0,0,14
2024,"VIC","Outer Regional Australia","0-16","Camera",0,0,0,0
2024,"VIC","Outer Regional Australia","0-16","Camera",0,0,0,0
2024,"VIC","Outer Regional Australia","17-25","Camera",0,0,0,0
2024,"VIC","Outer Regional Australia","17-25","Camera",0,0,0,0
2024,"VIC","Outer Regional Australia","26-39","Camera",0,0,0,0
2024,"VIC","Outer Regional Australia","26-39","Camera",1,0,0,1
2024,"VIC","Outer Regional Australia","40-64","Camera",0,0,0,0
2024,"VIC","Outer Regional Australia","40-64","Camera",0,0,0,0
2024,"VIC","Outer Regional Australia","65 and over","Camera",0,0,0,0
2024,"VIC","Outer Regional Australia","65 and over","Camera",0,0,0,0
2024,"VIC","Outer Regional Australia","Unknown","Camera",0,0,0,0
2024,"VIC","Outer Regional Australia","Unknown","Camera",0,0,0,0
2024,"VIC","Remote Australia","0-16","Camera",0,0,0,0
2024,"VIC","Remote Australia","0-16","Camera",0,0,0,0
2024,"VIC","Remote Australia","17-25","Camera",0,0,0,0
2024,"VIC","Remote Australia","17-25","Camera",0,0,0,0
2024,"VIC","Remote Australia","26-39","Camera",0,0,0,0
2024,"VIC","Remote Australia","26-39","Camera",0,0,0,0
2024,"VIC","Remote Australia","40-64","Camera",0,0,0,0
2024,"VIC","Remote Australia","40-64","Camera",0,0,0,0
2024,"VIC","Remote Australia","65 and over","Camera",0,0,0,0
2024,"VIC","Remote Australia","65 and over","Camera",0,0,0,0
2024,"VIC","Remote Australia","Unknown","Camera",0,0,0,0
2024,"VIC","Remote Australia","Unknown","Camera",0,0,0,0
2024,"VIC","Unknown","0-16","Camera",0,0,0,0
2024,"VIC","Unknown","0-16","Camera",0,0,0,0
2024,"VIC","Unknown","17-25","Camera",0,0,0,0
2024,"VIC","Unknown","17-25","Camera",0,0,0,0
2024,"VIC","Unknown","17-25","Police issued",12,0,0,12
2024,"VIC","Unknown","26-39","Camera",0,0,0,0
2024,"VIC","Unknown","26-39","Camera",0,0,0,0
2024,"VIC","Unknown","26-39","Police issued",20,0,0,20
2024,"VIC","Unknown","40-64","Camera",0,0,0,0
2024,"VIC","Unknown","40-64","Camera",0,0,0,0
2024,"VIC","Unknown","40-64","Police issued",22,0,0,22
2024,"VIC","Unknown","65 and over","Camera",0,0,0,0
2024,"VIC","Unknown","65 and over","Camera",0,0,0,0
2024,"VIC","Unknown","65 and over","Police issued",5,0,0,5
2024,"VIC","Unknown","Unknown","Camera",0,0,0,0
2024,"VIC","Unknown","Unknown","Camera",0,0,0,0
2024,"WA","Unknown","17-25","Unknown",0,1,7,8
2024,"WA","Unknown","26-39","Unknown",0,0,19,19
2024,"WA","Unknown","40-64","Unknown",0,2,12,14
2024,"WA","Unknown","65 and over","Unknown",0,0,1,1
2017,"NSW","All regions","All ages","Camera",28,0,0,28
2017,"NSW","All regions","All ages","Police issued",22926,0,0,22926
2017,"WA","All regions","All ages","Police issued",7309,0,0,7309
2018,"ACT","All regions","All ages","Police issued",197,0,0,197
2018,"NSW","All regions","All ages","Camera",15,0,0,15
2018,"NSW","All regions","All ages","Police issued",21538,0,0,21538
2018,"NT","All regions","All ages","Police issued",2558,0,0,2558
2018,"QLD","All regions","All ages","Police issued",8789,0,0,8789
2018,"SA","All regions","All ages","Police issued",4909,0,0,4909
2018,"VIC","All regions","All ages","Police issued",13595,0,0,13595
2018,"WA","All regions","All ages","Police issued",5953,0,0,5953
2019,"ACT","All regions","All ages","Police issued",174,0,0,174
2019,"NSW","All regions","All ages","Camera",7,0,0,7
2019,"NSW","All regions","All ages","Police issued",19348,0,0,19348
2019,"NT","All regions","All ages","Police issued",3521,0,0,3521
2019,"QLD","All regions","All ages","Police issued",9009,0,0,9009
2019,"SA","All regions","All ages","Police issued",4386,0,0,4386
2019,"VIC","All regions","All ages","Police issued",11835,0,0,11835
2019,"WA","All regions","All ages","Police issued",4469,0,0,4469
2020,"ACT","All regions","All ages","Police issued",143,0,0,143
2020,"NSW","All regions","All ages","Camera",5,0,0,5
2020,"NSW","All regions","All ages","Police issued",11715,0,0,11715
2020,"NT","All regions","All ages","Police issued",2111,0,0,2111
2020,"QLD","All regions","All ages","Police issued",6108,0,0,6108
2020,"SA","All regions","All ages","Police issued",3935,0,0,3935
2020,"TAS","All regions","All ages","Police issued",1332,0,0,1332
2020,"VIC","All regions","All ages","Police issued",7757,0,0,7757
2020,"WA","All regions","All ages","Police issued",2804,0,0,2804
2021,"ACT","All regions","All ages","Police issued",60,0,0,60
2021,"NSW","All regions","All ages","Camera",5,0,0,5
2021,"NSW","All regions","All ages","Police issued",9597,0,0,9597
2021,"NT","All regions","All ages","Police issued",1123,0,0,1123
2021,"QLD","All regions","All ages","Camera",5346,0,0,5346
2021,"QLD","All regions","All ages","Police issued",5051,0,0,5051
2021,"SA","All regions","All ages","Police issued",2684,0,0,2684
2021,"TAS","All regions","All ages","Police issued",1129,0,0,1129
2021,"VIC","All regions","All ages","Police issued",6342,0,0,6342
2021,"WA","All regions","All ages","Police issued",1856,0,0,1856
2022,"ACT","All regions","All ages","Police issued",41,0,0,41
2022,"NSW","All regions","All ages","Camera",2,0,0,2
2022,"NSW","All regions","All ages","Police issued",9720,0,0,9720
2022,"NT","All regions","All ages","Police issued",1166,0,0,1166
2022,"QLD","All regions","All ages","Camera",52079,0,0,52079
2022,"QLD","All regions","All ages","Police issued",3848,0,0,3848
2022,"SA","All regions","All ages","Police issued",3046,0,0,3046
2022,"TAS","All regions","All ages","Police issued",890,0,0,890
2022,"VIC","All regions","All ages","Police issued",7492,0,0,7492
2022,"WA","All regions","All ages","Police issued",2186,0,0,2186
2023,"ACT","Major Cities of Australia","17-25","Police issued",1,0,0,1
2023,"ACT","Major Cities of Australia","26-39","Police issued",1,0,0,1
2023,"NSW","Inner Regional Australia","0-16","Police issued",5,0,0,5
2023,"NSW","Inner Regional Australia","17-25","Police issued",85,0,2,87
2023,"NSW","Inner Regional Australia","26-39","Police issued",155,0,1,156
2023,"NSW","Inner Regional Australia","40-64","Police issued",102,0,0,102
2023,"NSW","Inner Regional Australia","65 and over","Police issued",25,0,0,25
2023,"NSW","Major Cities of Australia","0-16","Police issued",1,0,0,1
2023,"NSW","Major Cities of Australia","17-25","Police issued",148,0,9,157
2023,"NSW","Major Cities of Australia","26-39","Police issued",216,0,6,222
2023,"NSW","Major Cities of Australia","40-64","Police issued",159,0,4,163
2023,"NSW","Major Cities of Australia","65 and over","Police issued",28,0,0,28
2023,"NSW","Outer Regional Australia","0-16","Police issued",2,0,0,2
2023,"NSW","Outer Regional Australia","17-25","Police issued",24,0,1,25
2023,"NSW","Outer Regional Australia","26-39","Police issued",48,0,0,48
2023,"NSW","Outer Regional Australia","40-64","Police issued",56,0,0,56
2023,"NSW","Outer Regional Australia","65 and over","Police issued",18,0,0,18
2023,"NSW","Remote Australia","17-25","Police issued",4,0,0,4
2023,"NSW","Remote Australia","26-39","Police issued",2,0,0,2
2023,"NSW","Remote Australia","40-64","Police issued",7,0,0,7
2023,"NSW","Remote Australia","65 and over","Police issued",2,0,0,2
2023,"NSW","Very Remote Australia","17-25","Police issued",2,0,0,2
2023,"NSW","Very Remote Australia","26-39","Police issued",3,0,0,3
2023,"NT","Unknown","0-16","Police issued",0,1,2,3
2023,"NT","Unknown","17-25","Police issued",26,2,9,37
2023,"NT","Unknown","26-39","Police issued",34,5,11,50
2023,"NT","Unknown","40-64","Police issued",20,0,0,20
2023,"NT","Unknown","65 and over","Police issued",1,1,7,9
2023,"SA","Unknown","0-16","Police issued",2,0,0,2
2023,"SA","Unknown","17-25","Police issued",59,0,0,59
2023,"SA","Unknown","26-39","Police issued",77,0,0,77
2023,"SA","Unknown","40-64","Police issued",86,0,0,86
2023,"SA","Unknown","65 and over","Police issued",36,0,0,36
2023,"SA","Unknown","Unknown","Police issued",0,0,0,0
2023,"TAS","Unknown","0-16","Police issued",0,0,0,0
2023,"TAS","Unknown","17-25","Police issued",15,0,2,17
2023,"TAS","Unknown","26-39","Police issued",24,0,2,26
2023,"TAS","Unknown","40-64","Police issued",18,0,2,20
2023,"TAS","Unknown","65 and over","Police issued",13,0,0,13
2023,"VIC","Inner Regional Australia","0-16","Police issued",1,0,0,1
2023,"VIC","Inner Regional Australia","17-25","Police issued",54,0,0,54
2023,"VIC","Inner Regional Australia","26-39","Police issued",65,0,0,65
2023,"VIC","Inner Regional Australia","40-64","Police issued",53,0,0,53
2023,"VIC","Inner Regional Australia","65 and over","Police issued",14,0,0,14
2023,"VIC","Major Cities of Australia","17-25","Police issued",82,0,0,82
2023,"VIC","Major Cities of Australia","26-39","Police issued",185,0,0,185
2023,"VIC","Major Cities of Australia","40-64","Police issued",140,0,0,140
2023,"VIC","Major Cities of Australia","65 and over","Police issued",27,0,0,27
2023,"VIC","Outer Regional Australia","0-16","Police issued",1,0,0,1
2023,"VIC","Outer Regional Australia","17-25","Police issued",15,0,0,15
2023,"VIC","Outer Regional Australia","26-39","Police issued",7,0,0,7
2023,"VIC","Outer Regional Australia","40-64","Police issued",9,0,0,9
2023,"VIC","Outer Regional Australia","65 and over","Police issued",8,0,0,8
2023,"VIC","Remote Australia","17-25","Police issued",1,0,0,1
2023,"VIC","Unknown","65 and over","Police issued",1,0,0,1
2023,"WA","Unknown","0-16","Police issued",1,0,0,1
2023,"WA","Unknown","0-16","Unknown",0,0,1,1
2023,"WA","Unknown","17-25","Police issued",47,0,0,47
2023,"WA","Unknown","17-25","Unknown",0,0,7,7
2023,"WA","Unknown","26-39","Police issued",84,0,0,84
2023,"WA","Unknown","26-39","Unknown",0,0,18,18
2023,"WA","Unknown","40-64","Police issued",72,0,0,72
2023,"WA","Unknown","40-64","Unknown",0,0,11,11
2023,"WA","Unknown","65 and over","Police issued",22,0,0,22
2023,"QLD","Unknown","Unknown","Camera",33366,0,0,33366
2023,"QLD","Unknown","Unknown","Police issued",4164,0,0,4164
2023,"ACT","Major Cities of Australia","0-16","Police issued",1,0,0,1
2023,"ACT","Major Cities of Australia","26-39","Police issued",3,0,0,3
2023,"ACT","Major Cities of Australia","40-64","Police issued",3,0,0,3
2023,"ACT","Major Cities of Australia","65 and over","Police issued",1,0,0,1
2023,"NSW","Inner Regional Australia","0-16","Police issued",3,0,1,4
2023,"NSW","Inner Regional Australia","17-25","Police issued",70,0,0,70
2023,"NSW","Inner Regional Australia","26-39","Police issued",84,0,4,88
2023,"NSW","Inner Regional Australia","40-64","Police issued",63,0,1,64
2023,"NSW","Inner Regional Australia","65 and over","Police issued",24,0,0,24
2023,"NSW","Major Cities of Australia","0-16","Police issued",4,0,0,4
2023,"NSW","Major Cities of Australia","17-25","Police issued",137,0,4,141
2023,"NSW","Major Cities of Australia","26-39","Police issued",173,0,7,180
2023,"NSW","Major Cities of Australia","40-64","Police issued",132,0,2,134
2023,"NSW","Major Cities of Australia","65 and over","Police issued",24,0,0,24
2023,"NSW","Outer Regional Australia","0-16","Police issued",1,0,0,1
2023,"NSW","Outer Regional Australia","17-25","Police issued",27,0,0,27
2023,"NSW","Outer Regional Australia","26-39","Police issued",47,0,2,49
2023,"NSW","Outer Regional Australia","40-64","Police issued",36,0,2,38
2023,"NSW","Outer Regional Australia","65 and over","Police issued",4,0,0,4
2023,"NSW","Remote Australia","26-39","Police issued",1,0,0,1
2023,"NSW","Remote Australia","40-64","Police issued",6,0,0,6
2023,"NSW","Unknown","26-39","Police issued",1,0,0,1
2023,"NSW","Very Remote Australia","17-25","Police issued",2,0,0,2
2023,"NT","Unknown","17-25","Police issued",9,3,10,22
2023,"NT","Unknown","26-39","Police issued",18,2,11,31
2023,"NT","Unknown","40-64","Police issued",13,0,0,13
2023,"NT","Unknown","65 and over","Police issued",2,0,5,7
2023,"SA","Unknown","0-16","Police issued",0,0,0,0
2023,"SA","Unknown","17-25","Police issued",40,0,0,40
2023,"SA","Unknown","26-39","Police issued",72,0,0,72
2023,"SA","Unknown","40-64","Police issued",113,0,0,113
2023,"SA","Unknown","65 and over","Police issued",44,0,0,44
2023,"SA","Unknown","Unknown","Police issued",0,0,0,0
2023,"TAS","Unknown","0-16","Police issued",0,0,1,1
2023,"TAS","Unknown","17-25","Police issued",14,0,0,14
2023,"TAS","Unknown","26-39","Police issued",26,0,3,29
2023,"TAS","Unknown","40-64","Police issued",18,0,0,18
2023,"TAS","Unknown","65 and over","Police issued",10,0,0,10
2023,"VIC","Inner Regional Australia","17-25","Police issued",39,0,0,39
2023,"VIC","Inner Regional Australia","26-39","Police issued",69,0,0,69
2023,"VIC","Inner Regional Australia","40-64","Police issued",47,0,0,47
2023,"VIC","Inner Regional Australia","65 and over","Police issued",23,0,0,23
2023,"VIC","Major Cities of Australia","0-16","Police issued",1,0,0,1
2023,"VIC","Major Cities of Australia","17-25","Police issued",73,0,0,73
2023,"VIC","Major Cities of Australia","26-39","Police issued",157,0,0,157
2023,"VIC","Major Cities of Australia","40-64","Police issued",144,0,0,144
2023,"VIC","Major Cities of Australia","65 and over","Police issued",14,0,0,14
2023,"VIC","Outer Regional Australia","0-16","Police issued",1,0,0,1
2023,"VIC","Outer Regional Australia","17-25","Police issued",10,0,0,10
2023,"VIC","Outer Regional Australia","26-39","Police issued",15,0,0,15
2023,"VIC","Outer Regional Australia","40-64","Police issued",15,0,0,15
2023,"VIC","Outer Regional Australia","65 and over","Police issued",4,0,0,4
2023,"VIC","Remote Australia","65 and over","Police issued",1,0,0,1
2023,"WA","Unknown","17-25","Police issued",37,0,0,37
2023,"WA","Unknown","17-25","Unknown",0,0,12,12
2023,"WA","Unknown","26-39","Police issued",59,0,0,59
2023,"WA","Unknown","26-39","Unknown",0,1,15,16
2023,"WA","Unknown","40-64","Police issued",56,0,0,56
2023,"WA","Unknown","40-64","Unknown",0,0,5,5
2023,"WA","Unknown","65 and over","Police issued",9,0,0,9
2023,"WA","Unknown","65 and over","Unknown",0,0,1,1
2023,"ACT","Major Cities of Australia","17-25","Police issued",1,0,0,1
2023,"ACT","Major Cities of Australia","26-39","Police issued",1,0,0,1
2023,"ACT","Major Cities of Australia","40-64","Police issued",2,0,0,2
2023,"NSW","Inner Regional Australia","0-16","Police issued",1,0,0,1
2023,"NSW","Inner Regional Australia","17-25","Police issued",70,0,4,74
2023,"NSW","Inner Regional Australia","26-39","Police issued",99,0,1,100
2023,"NSW","Inner Regional Australia","40-64","Police issued",87,0,2,89
2023,"NSW","Inner Regional Australia","65 and over","Police issued",8,0,0,8
2023,"NSW","Major Cities of Australia","17-25","Police issued",137,0,4,141
2023,"NSW","Major Cities of Australia","26-39","Police issued",186,0,11,197
2023,"NSW","Major Cities of Australia","40-64","Police issued",137,0,3,140
2023,"NSW","Major Cities of Australia","65 and over","Police issued",18,0,4,22
2023,"NSW","Outer Regional Australia","17-25","Police issued",20,0,1,21
2023,"NSW","Outer Regional Australia","26-39","Police issued",43,0,0,43
2023,"NSW","Outer Regional Australia","40-64","Police issued",27,0,0,27
2023,"NSW","Outer Regional Australia","65 and over","Police issued",7,0,1,8
2023,"NSW","Remote Australia","17-25","Police issued",3,0,0,3
2023,"NSW","Remote Australia","26-39","Police issued",1,0,0,1
2023,"NSW","Remote Australia","40-64","Police issued",11,0,0,11
2023,"NSW","Remote Australia","65 and over","Police issued",2,0,0,2
2023,"NSW","Unknown","40-64","Police issued",2,0,0,2
2023,"NSW","Unknown","65 and over","Police issued",2,0,0,2
2023,"NSW","Very Remote Australia","17-25","Police issued",1,0,0,1
2023,"NSW","Very Remote Australia","26-39","Police issued",2,0,0,2
2023,"NSW","Very Remote Australia","40-64","Police issued",2,0,0,2
2023,"NT","Unknown","0-16","Police issued",0,1,1,2
2023,"NT","Unknown","17-25","Police issued",18,2,12,32
2023,"NT","Unknown","26-39","Police issued",39,4,23,66
2023,"NT","Unknown","40-64","Police issued",29,0,0,29
2023,"NT","Unknown","65 and over","Police issued",5,0,7,12
2023,"SA","Unknown","0-16","Police issued",0,0,0,0
2023,"SA","Unknown","17-25","Police issued",38,0,0,38
2023,"SA","Unknown","26-39","Police issued",95,0,0,95
2023,"SA","Unknown","40-64","Police issued",110,0,0,110
2023,"SA","Unknown","65 and over","Police issued",53,0,0,53
2023,"SA","Unknown","Unknown","Police issued",0,0,0,0
2023,"TAS","Unknown","17-25","Police issued",20,0,1,21
2023,"TAS","Unknown","26-39","Police issued",31,0,3,34
2023,"TAS","Unknown","40-64","Police issued",29,0,3,32
2023,"TAS","Unknown","65 and over","Police issued",12,0,0,12
2023,"VIC","Inner Regional Australia","0-16","Police issued",2,0,0,2
2023,"VIC","Inner Regional Australia","17-25","Police issued",64,0,0,64
2023,"VIC","Inner Regional Australia","26-39","Police issued",71,0,0,71
2023,"VIC","Inner Regional Australia","40-64","Police issued",68,0,0,68
2023,"VIC","Inner Regional Australia","65 and over","Police issued",13,0,0,13
2023,"VIC","Major Cities of Australia","0-16","Police issued",3,0,0,3
2023,"VIC","Major Cities of Australia","17-25","Police issued",79,0,0,79
2023,"VIC","Major Cities of Australia","26-39","Police issued",178,0,0,178
2023,"VIC","Major Cities of Australia","40-64","Police issued",133,0,0,133
2023,"VIC","Major Cities of Australia","65 and over","Police issued",11,0,0,11
2023,"VIC","Outer Regional Australia","17-25","Police issued",11,0,0,11
2023,"VIC","Outer Regional Australia","26-39","Police issued",17,0,0,17
2023,"VIC","Outer Regional Australia","40-64","Police issued",12,0,0,12
2023,"VIC","Outer Regional Australia","65 and over","Police issued",6,0,0,6
2023,"VIC","Unknown","26-39","Police issued",3,0,0,3
2023,"VIC","Unknown","40-64","Police issued",2,0,0,2
2023,"WA","Unknown","17-25","Police issued",40,0,0,40
2023,"WA","Unknown","17-25","Unknown",0,2,12,14
2023,"WA","Unknown","26-39","Police issued",76,0,0,76
2023,"WA","Unknown","26-39","Unknown",0,1,15,16
2023,"WA","Unknown","40-64","Police issued",61,0,0,61
2023,"WA","Unknown","40-64","Unknown",0,0,4,4
2023,"WA","Unknown","65 and over","Police issued",8,0,0,8
2023,"WA","Unknown","65 and over","Unknown",0,0,3,3
2023,"ACT","Major Cities of Australia","17-25","Police issued",2,0,0,2
2023,"ACT","Major Cities of Australia","26-39","Police issued",3,0,0,3
2023,"NSW","Inner Regional Australia","0-16","Police issued",4,0,0,4
2023,"NSW","Inner Regional Australia","17-25","Police issued",69,0,1,70
2023,"NSW","Inner Regional Australia","26-39","Police issued",129,0,1,130
2023,"NSW","Inner Regional Australia","40-64","Police issued",77,0,0,77
2023,"NSW","Inner Regional Australia","65 and over","Police issued",14,0,0,14
2023,"NSW","Major Cities of Australia","0-16","Police issued",4,0,0,4
2023,"NSW","Major Cities of Australia","17-25","Police issued",155,0,4,159
2023,"NSW","Major Cities of Australia","26-39","Police issued",280,0,6,286
2023,"NSW","Major Cities of Australia","40-64","Police issued",171,0,2,173
2023,"NSW","Major Cities of Australia","65 and over","Police issued",23,0,0,23
2023,"NSW","Outer Regional Australia","17-25","Police issued",16,0,1,17
2023,"NSW","Outer Regional Australia","26-39","Police issued",57,0,0,57
2023,"NSW","Outer Regional Australia","40-64","Police issued",22,0,0,22
2023,"NSW","Outer Regional Australia","65 and over","Police issued",6,0,0,6
2023,"NSW","Remote Australia","17-25","Police issued",6,0,0,6
2023,"NSW","Remote Australia","26-39","Police issued",6,0,0,6
2023,"NSW","Remote Australia","40-64","Police issued",3,0,0,3
2023,"NSW","Remote Australia","65 and over","Police issued",1,0,0,1
2023,"NSW","Unknown","26-39","Police issued",1,0,0,1
2023,"NSW","Very Remote Australia","17-25","Police issued",0,0,1,1
2023,"NSW","Very Remote Australia","26-39","Police issued",3,0,1,4
2023,"NSW","Very Remote Australia","40-64","Police issued",3,0,0,3
2023,"NT","Unknown","17-25","Police issued",9,0,7,16
2023,"NT","Unknown","26-39","Police issued",25,1,10,36
2023,"NT","Unknown","40-64","Police issued",19,0,0,19
2023,"NT","Unknown","65 and over","Police issued",0,3,11,14
2023,"SA","Unknown","0-16","Police issued",0,0,0,0
2023,"SA","Unknown","17-25","Police issued",53,0,0,53
2023,"SA","Unknown","26-39","Police issued",99,0,0,99
2023,"SA","Unknown","40-64","Police issued",96,0,0,96
2023,"SA","Unknown","65 and over","Police issued",33,0,0,33
2023,"SA","Unknown","Unknown","Police issued",0,0,0,0
2023,"TAS","Unknown","17-25","Police issued",17,0,0,17
2023,"TAS","Unknown","26-39","Police issued",14,0,2,16
2023,"TAS","Unknown","40-64","Police issued",16,0,0,16
2023,"TAS","Unknown","65 and over","Police issued",1,0,0,1
2023,"VIC","Inner Regional Australia","17-25","Police issued",37,0,0,37
2023,"VIC","Inner Regional Australia","26-39","Police issued",65,0,0,65
2023,"VIC","Inner Regional Australia","40-64","Police issued",63,0,0,63
2023,"VIC","Inner Regional Australia","65 and over","Police issued",17,0,0,17
2023,"VIC","Major Cities of Australia","0-16","Police issued",2,0,0,2
2023,"VIC","Major Cities of Australia","17-25","Police issued",72,0,0,72
2023,"VIC","Major Cities of Australia","26-39","Police issued",161,0,0,161
2023,"VIC","Major Cities of Australia","40-64","Police issued",134,0,0,134
2023,"VIC","Major Cities of Australia","65 and over","Police issued",17,0,0,17
2023,"VIC","Major Cities of Australia","Unknown","Police issued",2,0,0,2
2023,"VIC","Outer Regional Australia","17-25","Police issued",4,0,0,4
2023,"VIC","Outer Regional Australia","26-39","Police issued",10,0,0,10
2023,"VIC","Outer Regional Australia","40-64","Police issued",3,0,0,3
2023,"VIC","Outer Regional Australia","65 and over","Police issued",3,0,0,3
2023,"VIC","Unknown","26-39","Police issued",1,0,0,1
2023,"VIC","Unknown","40-64","Police issued",1,0,0,1
2023,"WA","Unknown","17-25","Police issued",38,0,0,38
2023,"WA","Unknown","17-25","Unknown",0,0,3,3
2023,"WA","Unknown","26-39","Police issued",47,0,0,47
2023,"WA","Unknown","26-39","Unknown",0,2,10,12
2023,"WA","Unknown","40-64","Police issued",55,0,0,55
2023,"WA","Unknown","40-64","Unknown",0,0,10,10
2023,"WA","Unknown","65 and over","Police issued",9,0,0,9
2023,"ACT","Major Cities of Australia","17-25","Police issued",3,0,0,3
2023,"ACT","Major Cities of Australia","26-39","Police issued",2,0,0,2
2023,"ACT","Major Cities of Australia","40-64","Police issued",4,0,0,4
2023,"NSW","Inner Regional Australia","0-16","Police issued",1,0,0,1
2023,"NSW","Inner Regional Australia","17-25","Police issued",71,0,3,74
2023,"NSW","Inner Regional Australia","26-39","Police issued",88,0,1,89
2023,"NSW","Inner Regional Australia","40-64","Police issued",69,0,1,70
2023,"NSW","Inner Regional Australia","65 and over","Police issued",8,0,0,8
2023,"NSW","Major Cities of Australia","0-16","Police issued",1,0,0,1
2023,"NSW","Major Cities of Australia","17-25","Police issued",92,0,4,96
2023,"NSW","Major Cities of Australia","26-39","Police issued",185,0,6,191
2023,"NSW","Major Cities of Australia","40-64","Police issued",132,0,2,134
2023,"NSW","Major Cities of Australia","65 and over","Police issued",8,0,0,8
2023,"NSW","Outer Regional Australia","17-25","Police issued",22,0,1,23
2023,"NSW","Outer Regional Australia","26-39","Police issued",42,0,0,42
2023,"NSW","Outer Regional Australia","40-64","Police issued",20,0,0,20
2023,"NSW","Outer Regional Australia","65 and over","Police issued",5,0,1,6
2023,"NSW","Remote Australia","17-25","Police issued",3,0,0,3
2023,"NSW","Remote Australia","26-39","Police issued",2,0,0,2
2023,"NSW","Remote Australia","40-64","Police issued",5,0,0,5
2023,"NSW","Unknown","17-25","Police issued",1,0,0,1
2023,"NSW","Unknown","26-39","Police issued",1,0,0,1
2023,"NSW","Very Remote Australia","26-39","Police issued",1,0,0,1
2023,"NT","Unknown","17-25","Police issued",11,0,2,13
2023,"NT","Unknown","26-39","Police issued",25,1,9,35
2023,"NT","Unknown","40-64","Police issued",13,0,0,13
2023,"NT","Unknown","65 and over","Police issued",1,2,4,7
2023,"SA","Unknown","0-16","Police issued",0,0,0,0
2023,"SA","Unknown","17-25","Police issued",24,0,0,24
2023,"SA","Unknown","26-39","Police issued",49,0,0,49
2023,"SA","Unknown","40-64","Police issued",67,0,0,67
2023,"SA","Unknown","65 and over","Police issued",22,0,0,22
2023,"SA","Unknown","Unknown","Police issued",0,0,0,0
2023,"TAS","Unknown","17-25","Police issued",9,0,1,10
2023,"TAS","Unknown","26-39","Police issued",17,0,3,20
2023,"NSW","Remote Australia","40-64","Police issued",2,0,0,2
2023,"NSW","Remote Australia","65 and over","Police issued",1,0,0,1
2023,"NSW","Unknown","26-39","Police issued",1,0,0,1
2023,"NSW","Unknown","65 and over","Police issued",1,0,0,1
2023,"NSW","Very Remote Australia","17-25","Police issued",1,0,0,1
2023,"NSW","Very Remote Australia","26-39","Police issued",1,0,0,1
2023,"NSW","Very Remote Australia","40-64","Police issued",0,0,1,1
2023,"NT","Unknown","17-25","Police issued",14,1,10,25
2023,"NT","Unknown","26-39","Police issued",42,1,13,56
2023,"NT","Unknown","40-64","Police issued",30,0,0,30
2023,"NT","Unknown","65 and over","Police issued",3,2,10,15
2023,"SA","Unknown","0-16","Police issued",0,0,0,0
2023,"SA","Unknown","17-25","Police issued",35,0,0,35
2023,"SA","Unknown","26-39","Police issued",73,0,0,73
2023,"SA","Unknown","40-64","Police issued",89,0,0,89
2023,"SA","Unknown","65 and over","Police issued",42,0,0,42
2023,"SA","Unknown","Unknown","Police issued",0,0,0,0
2023,"TAS","Unknown","0-16","Police issued",0,0,1,1
2023,"TAS","Unknown","17-25","Camera",2,0,0,2
2023,"TAS","Unknown","17-25","Police issued",9,0,2,11
2023,"TAS","Unknown","26-39","Camera",10,0,0,10
2023,"TAS","Unknown","26-39","Police issued",21,0,0,21
2023,"TAS","Unknown","40-64","Camera",12,0,0,12
2023,"TAS","Unknown","40-64","Police issued",13,0,1,14
2023,"TAS","Unknown","65 and over","Camera",8,0,0,8
2023,"TAS","Unknown","65 and over","Police issued",5,0,0,5
2023,"VIC","Inner Regional Australia","17-25","Police issued",27,0,0,27
2023,"VIC","Inner Regional Australia","26-39","Police issued",53,0,0,53
2023,"VIC","Inner Regional Australia","40-64","Police issued",51,0,0,51
2023,"VIC","Inner Regional Australia","65 and over","Police issued",11,0,0,11
2023,"VIC","Inner Regional Australia","Unknown","Camera",3357,0,0,3357
2023,"VIC","Major Cities of Australia","17-25","Police issued",76,0,0,76
2023,"VIC","Major Cities of Australia","26-39","Police issued",200,0,0,200
2023,"VIC","Major Cities of Australia","40-64","Police issued",132,0,0,132
2023,"VIC","Major Cities of Australia","65 and over","Police issued",30,0,0,30
2023,"VIC","Major Cities of Australia","Unknown","Camera",431,0,0,431
2023,"VIC","Major Cities of Australia","Unknown","Police issued",1,0,0,1
2023,"VIC","Outer Regional Australia","17-25","Police issued",12,0,0,12
2023,"VIC","Outer Regional Australia","26-39","Police issued",22,0,0,22
2023,"VIC","Outer Regional Australia","40-64","Police issued",17,0,0,17
2023,"VIC","Outer Regional Australia","65 and over","Police issued",7,0,0,7
2023,"VIC","Remote Australia","65 and over","Police issued",1,0,0,1
2023,"VIC","Unknown","26-39","Police issued",6,0,0,6
2023,"VIC","Unknown","40-64","Police issued",3,0,0,3
2023,"VIC","Unknown","65 and over","Police issued",1,0,0,1
2023,"VIC","Unknown","Unknown","Camera",524,0,0,524
2023,"WA","Unknown","0-16","Unknown",0,0,1,1
2023,"WA","Unknown","17-25","Police issued",44,0,0,44
2023,"WA","Unknown","17-25","Unknown",0,1,18,19
2023,"WA","Unknown","26-39","Police issued",63,0,0,63
2023,"WA","Unknown","26-39","Unknown",0,0,14,14
2023,"WA","Unknown","40-64","Police issued",33,0,0,33
2023,"WA","Unknown","40-64","Unknown",0,0,6,6
2023,"WA","Unknown","65 and over","Police issued",9,0,0,9
2023,"WA","Unknown","Unknown","Police issued",1,0,0,1
2023,"ACT","Major Cities of Australia","0-16","Police issued",2,0,0,2
2023,"ACT","Major Cities of Australia","17-25","Police issued",2,0,0,2
2023,"ACT","Major Cities of Australia","26-39","Police issued",1,0,0,1
2023,"ACT","Major Cities of Australia","40-64","Police issued",2,0,0,2
2023,"NSW","Inner Regional Australia","0-16","Police issued",3,0,0,3
2023,"NSW","Inner Regional Australia","17-25","Police issued",63,0,4,67
2023,"NSW","Inner Regional Australia","26-39","Police issued",108,0,3,111
2023,"NSW","Inner Regional Australia","40-64","Police issued",56,0,3,59
2023,"NSW","Inner Regional Australia","65 and over","Police issued",12,0,0,12
2023,"NSW","Major Cities of Australia","0-16","Police issued",3,0,0,3
2023,"NSW","Major Cities of Australia","17-25","Police issued",98,0,3,101
2023,"NSW","Major Cities of Australia","26-39","Police issued",158,0,7,165
2023,"NSW","Major Cities of Australia","40-64","Police issued",104,0,6,110
2023,"NSW","Major Cities of Australia","65 and over","Police issued",17,0,1,18
2023,"NSW","Outer Regional Australia","17-25","Police issued",24,0,0,24
2023,"NSW","Outer Regional Australia","26-39","Police issued",29,0,0,29
2023,"NSW","Outer Regional Australia","40-64","Police issued",28,0,0,28
2023,"NSW","Outer Regional Australia","65 and over","Police issued",7,0,0,7
2023,"NSW","Remote Australia","17-25","Police issued",1,0,0,1
2023,"NSW","Remote Australia","26-39","Police issued",7,0,0,7
2023,"NSW","Remote Australia","40-64","Police issued",9,0,0,9
2023,"NSW","Unknown","17-25","Police issued",1,0,0,1
2023,"NSW","Unknown","26-39","Police issued",1,0,0,1
2023,"NSW","Unknown","40-64","Police issued",1,0,0,1
2023,"NSW","Very Remote Australia","17-25","Police issued",1,0,0,1
2023,"NSW","Very Remote Australia","26-39","Police issued",1,0,0,1
2023,"NT","Unknown","17-25","Police issued",9,1,8,18
2023,"NT","Unknown","26-39","Police issued",25,1,13,39
2023,"NT","Unknown","40-64","Police issued",31,0,0,31
2023,"NT","Unknown","65 and over","Police issued",2,1,8,11
2023,"SA","Unknown","0-16","Police issued",2,0,0,2
2023,"SA","Unknown","17-25","Police issued",47,0,0,47
2023,"SA","Unknown","26-39","Police issued",86,0,0,86
2023,"SA","Unknown","40-64","Police issued",79,0,0,79
2023,"SA","Unknown","65 and over","Police issued",43,0,0,43
2023,"SA","Unknown","Unknown","Police issued",0,0,0,0
2023,"TAS","Unknown","17-25","Camera",27,0,0,27
2023,"TAS","Unknown","17-25","Police issued",16,0,4,20
2023,"TAS","Unknown","26-39","Camera",65,0,0,65
2023,"TAS","Unknown","26-39","Police issued",8,0,2,10
2023,"TAS","Unknown","40-64","Camera",56,0,0,56
2023,"TAS","Unknown","40-64","Police issued",23,0,1,24
2023,"TAS","Unknown","65 and over","Camera",39,0,0,39
2023,"TAS","Unknown","65 and over","Police issued",7,0,0,7
2023,"VIC","Inner Regional Australia","17-25","Police issued",36,0,0,36
2023,"VIC","Inner Regional Australia","26-39","Police issued",49,0,0,49
2023,"VIC","Inner Regional Australia","40-64","Police issued",42,0,0,42
2023,"VIC","Inner Regional Australia","65 and over","Police issued",13,0,0,13
2023,"VIC","Inner Regional Australia","Unknown","Camera",250,0,0,250
2023,"VIC","Major Cities of Australia","17-25","Police issued",86,0,0,86
2023,"VIC","Major Cities of Australia","26-39","Police issued",162,0,0,162
2023,"VIC","Major Cities of Australia","40-64","Police issued",114,0,0,114
2023,"VIC","Major Cities of Australia","65 and over","Police issued",20,0,0,20
2023,"VIC","Major Cities of Australia","Unknown","Camera",3816,0,0,3816
2023,"VIC","Outer Regional Australia","0-16","Police issued",1,0,0,1
2023,"VIC","Outer Regional Australia","17-25","Police issued",12,0,0,12
2023,"VIC","Outer Regional Australia","26-39","Police issued",11,0,0,11
2023,"VIC","Outer Regional Australia","40-64","Police issued",19,0,0,19
2023,"VIC","Outer Regional Australia","65 and over","Police issued",9,0,0,9
2023,"VIC","Remote Australia","40-64","Police issued",2,0,0,2
2023,"VIC","Remote Australia","65 and over","Police issued",1,0,0,1
2023,"VIC","Unknown","40-64","Police issued",3,0,0,3
2023,"WA","Unknown","17-25","Police issued",30,0,0,30
2023,"WA","Unknown","17-25","Unknown",0,2,10,12
2023,"WA","Unknown","26-39","Police issued",61,0,0,61
2023,"WA","Unknown","26-39","Unknown",0,1,7,8
2023,"WA","Unknown","40-64","Police issued",35,0,0,35
2023,"WA","Unknown","40-64","Unknown",0,0,3,3
2023,"WA","Unknown","65 and over","Police issued",4,0,0,4
2023,"ACT","Major Cities of Australia","26-39","Police issued",3,0,0,3
2023,"ACT","Major Cities of Australia","40-64","Police issued",2,0,0,2
2023,"ACT","Major Cities of Australia","65 and over","Police issued",1,0,0,1
2023,"NSW","Inner Regional Australia","0-16","Police issued",1,0,4,5
2023,"NSW","Inner Regional Australia","17-25","Police issued",71,0,3,74
2023,"NSW","Inner Regional Australia","26-39","Police issued",89,0,1,90
2023,"NSW","Inner Regional Australia","40-64","Police issued",66,0,2,68
2023,"NSW","Inner Regional Australia","65 and over","Police issued",12,0,0,12
2023,"NSW","Major Cities of Australia","0-16","Police issued",4,0,0,4
2023,"NSW","Major Cities of Australia","17-25","Police issued",127,0,1,128
2023,"NSW","Major Cities of Australia","26-39","Police issued",158,0,6,164
2023,"NSW","Major Cities of Australia","40-64","Police issued",111,0,2,113
2023,"NSW","Major Cities of Australia","65 and over","Police issued",17,0,0,17
2023,"NSW","Outer Regional Australia","17-25","Police issued",28,0,0,28
2023,"NSW","Outer Regional Australia","26-39","Police issued",32,0,1,33
2023,"NSW","Outer Regional Australia","40-64","Police issued",34,0,2,36
2023,"NSW","Outer Regional Australia","65 and over","Police issued",8,0,0,8
2023,"NSW","Remote Australia","26-39","Police issued",6,0,2,8
2023,"NSW","Remote Australia","40-64","Police issued",1,0,0,1
2023,"NSW","Unknown","17-25","Police issued",2,0,0,2
2023,"NSW","Unknown","26-39","Police issued",3,0,0,3
2023,"NSW","Unknown","40-64","Police issued",1,0,0,1
2023,"NT","Unknown","0-16","Police issued",0,1,1,2
2023,"NT","Unknown","17-25","Police issued",13,0,10,23
2023,"NT","Unknown","26-39","Police issued",31,1,17,49
2023,"NT","Unknown","40-64","Police issued",16,0,0,16
2023,"NT","Unknown","65 and over","Police issued",2,1,9,12
2023,"SA","Unknown","0-16","Police issued",1,0,0,1
2023,"SA","Unknown","17-25","Police issued",46,0,0,46
2023,"SA","Unknown","26-39","Police issued",90,0,0,90
2023,"SA","Unknown","40-64","Police issued",82,0,0,82
2023,"SA","Unknown","65 and over","Police issued",27,0,0,27
2023,"SA","Unknown","Unknown","Police issued",0,0,0,0
2023,"TAS","Unknown","17-25","Camera",60,0,0,60
2023,"TAS","Unknown","17-25","Police issued",17,0,0,17
2023,"TAS","Unknown","26-39","Camera",131,0,0,131
2023,"TAS","Unknown","26-39","Police issued",20,0,1,21
2023,"TAS","Unknown","40-64","Camera",170,0,0,170
2023,"TAS","Unknown","40-64","Police issued",18,0,0,18
2023,"TAS","Unknown","65 and over","Camera",63,0,0,63
2023,"TAS","Unknown","65 and over","Police issued",11,0,0,11
2023,"TAS","Unknown","Unknown","Camera",1,0,0,1
2023,"VIC","Inner Regional Australia","17-25","Camera",40,0,0,40
2023,"VIC","Inner Regional Australia","17-25","Police issued",25,0,0,25
2023,"VIC","Inner Regional Australia","26-39","Camera",146,0,0,146
2023,"VIC","Inner Regional Australia","26-39","Police issued",44,0,0,44
2023,"VIC","Inner Regional Australia","40-64","Camera",175,0,0,175
2023,"VIC","Inner Regional Australia","40-64","Police issued",45,0,0,45
2023,"VIC","Inner Regional Australia","65 and over","Camera",104,0,0,104
2023,"VIC","Inner Regional Australia","65 and over","Police issued",6,0,0,6
2023,"VIC","Inner Regional Australia","Unknown","Camera",271,0,0,271
2023,"VIC","Major Cities of Australia","17-25","Camera",184,0,0,184
2023,"VIC","Major Cities of Australia","17-25","Police issued",59,0,0,59
2023,"VIC","Major Cities of Australia","26-39","Camera",895,0,0,895
2023,"VIC","Major Cities of Australia","26-39","Police issued",155,0,0,155
2023,"VIC","Major Cities of Australia","40-64","Camera",1150,0,0,1150
2023,"VIC","Major Cities of Australia","40-64","Police issued",82,0,0,82
2023,"VIC","Major Cities of Australia","65 and over","Camera",409,0,0,409
2023,"VIC","Major Cities of Australia","65 and over","Police issued",16,0,0,16
2023,"VIC","Major Cities of Australia","Unknown","Camera",1313,0,0,1313
2023,"VIC","Outer Regional Australia","17-25","Police issued",7,0,0,7
2023,"TAS","Unknown","40-64","Police issued",13,0,2,15
2023,"TAS","Unknown","65 and over","Police issued",5,0,0,5
2023,"VIC","Inner Regional Australia","0-16","Police issued",1,0,0,1
2023,"VIC","Inner Regional Australia","17-25","Police issued",27,0,0,27
2023,"VIC","Inner Regional Australia","26-39","Police issued",54,0,0,54
2023,"VIC","Inner Regional Australia","40-64","Police issued",60,0,0,60
2023,"VIC","Inner Regional Australia","65 and over","Police issued",21,0,0,21
2023,"VIC","Major Cities of Australia","17-25","Police issued",48,0,0,48
2023,"VIC","Major Cities of Australia","26-39","Police issued",140,0,0,140
2023,"VIC","Major Cities of Australia","40-64","Police issued",99,0,0,99
2023,"VIC","Major Cities of Australia","65 and over","Police issued",21,0,0,21
2023,"VIC","Outer Regional Australia","17-25","Police issued",9,0,0,9
2023,"VIC","Outer Regional Australia","26-39","Police issued",7,0,0,7
2023,"VIC","Outer Regional Australia","40-64","Police issued",9,0,0,9
2023,"VIC","Outer Regional Australia","65 and over","Police issued",2,0,0,2
2023,"VIC","Unknown","26-39","Police issued",2,0,0,2
2023,"VIC","Unknown","40-64","Police issued",1,0,0,1
2023,"VIC","Unknown","65 and over","Police issued",1,0,0,1
2023,"WA","Unknown","17-25","Police issued",22,0,0,22
2023,"WA","Unknown","17-25","Unknown",0,1,4,5
2023,"WA","Unknown","26-39","Police issued",49,0,0,49
2023,"WA","Unknown","26-39","Unknown",0,1,9,10
2023,"WA","Unknown","40-64","Police issued",33,0,0,33
2023,"WA","Unknown","40-64","Unknown",0,0,2,2
2023,"WA","Unknown","65 and over","Police issued",9,0,0,9
2023,"ACT","Major Cities of Australia","26-39","Police issued",2,0,0,2
2023,"ACT","Major Cities of Australia","40-64","Police issued",2,0,0,2
2023,"NSW","Inner Regional Australia","17-25","Police issued",84,0,2,86
2023,"NSW","Inner Regional Australia","26-39","Police issued",144,0,3,147
2023,"NSW","Inner Regional Australia","40-64","Police issued",81,0,0,81
2023,"NSW","Inner Regional Australia","65 and over","Police issued",23,0,0,23
2023,"NSW","Major Cities of Australia","0-16","Police issued",3,0,0,3
2023,"NSW","Major Cities of Australia","17-25","Police issued",137,0,3,140
2023,"NSW","Major Cities of Australia","26-39","Police issued",247,0,3,250
2023,"NSW","Major Cities of Australia","40-64","Police issued",155,0,6,161
2023,"NSW","Major Cities of Australia","65 and over","Police issued",20,0,0,20
2023,"NSW","Outer Regional Australia","0-16","Police issued",1,0,0,1
2023,"NSW","Outer Regional Australia","17-25","Police issued",37,0,0,37
2023,"NSW","Outer Regional Australia","26-39","Police issued",57,0,0,57
2023,"NSW","Outer Regional Australia","40-64","Police issued",44,0,0,44
2023,"NSW","Outer Regional Australia","65 and over","Police issued",4,0,0,4
2023,"NSW","Remote Australia","26-39","Police issued",1,0,0,1
2023,"NSW","Remote Australia","40-64","Police issued",1,0,0,1
2023,"NSW","Remote Australia","65 and over","Police issued",2,0,0,2
2023,"NSW","Unknown","26-39","Police issued",3,0,0,3
2023,"NSW","Unknown","40-64","Police issued",2,0,0,2
2023,"NSW","Very Remote Australia","26-39","Police issued",1,0,0,1
2023,"NSW","Very Remote Australia","40-64","Police issued",1,0,0,1
2023,"NT","Unknown","0-16","Police issued",1,0,0,1
2023,"NT","Unknown","17-25","Police issued",14,1,4,19
2023,"NT","Unknown","26-39","Police issued",22,1,10,33
2023,"NT","Unknown","40-64","Police issued",22,0,0,22
2023,"NT","Unknown","65 and over","Police issued",1,0,5,6
2023,"SA","Unknown","0-16","Police issued",3,0,0,3
2023,"SA","Unknown","17-25","Police issued",29,0,0,29
2023,"SA","Unknown","26-39","Police issued",67,0,0,67
2023,"SA","Unknown","40-64","Police issued",58,0,0,58
2023,"SA","Unknown","65 and over","Police issued",19,0,0,19
2023,"SA","Unknown","Unknown","Police issued",0,0,0,0
2023,"TAS","Unknown","17-25","Police issued",16,0,0,16
2023,"TAS","Unknown","26-39","Police issued",19,0,0,19
2023,"TAS","Unknown","40-64","Police issued",16,0,0,16
2023,"TAS","Unknown","65 and over","Police issued",6,0,0,6
2023,"VIC","Inner Regional Australia","17-25","Police issued",33,0,0,33
2023,"VIC","Inner Regional Australia","26-39","Police issued",56,0,0,56
2023,"VIC","Inner Regional Australia","40-64","Police issued",63,0,0,63
2023,"VIC","Inner Regional Australia","65 and over","Police issued",9,0,0,9
2023,"VIC","Major Cities of Australia","17-25","Police issued",72,0,0,72
2023,"VIC","Major Cities of Australia","26-39","Police issued",160,0,0,160
2023,"VIC","Major Cities of Australia","40-64","Police issued",101,0,0,101
2023,"VIC","Major Cities of Australia","65 and over","Police issued",11,0,0,11
2023,"VIC","Outer Regional Australia","17-25","Police issued",6,0,0,6
2023,"VIC","Outer Regional Australia","26-39","Police issued",6,0,0,6
2023,"VIC","Outer Regional Australia","40-64","Police issued",9,0,0,9
2023,"VIC","Outer Regional Australia","65 and over","Police issued",4,0,0,4
2023,"VIC","Remote Australia","26-39","Police issued",1,0,0,1
2023,"VIC","Unknown","17-25","Police issued",2,0,0,2
2023,"VIC","Unknown","26-39","Police issued",3,0,0,3
2023,"VIC","Unknown","40-64","Police issued",1,0,0,1
2023,"VIC","Unknown","65 and over","Police issued",1,0,0,1
2023,"WA","Unknown","17-25","Police issued",33,0,0,33
2023,"WA","Unknown","17-25","Unknown",0,2,7,9
2023,"WA","Unknown","26-39","Police issued",57,0,0,57
2023,"WA","Unknown","26-39","Unknown",0,0,7,7
2023,"WA","Unknown","40-64","Police issued",45,0,0,45
2023,"WA","Unknown","40-64","Unknown",0,0,8,8
2023,"WA","Unknown","65 and over","Police issued",14,0,0,14
2023,"WA","Unknown","65 and over","Unknown",0,0,2,2
2023,"ACT","Major Cities of Australia","17-25","Police issued",8,0,0,8
2023,"ACT","Major Cities of Australia","26-39","Police issued",2,0,0,2
2023,"NSW","Inner Regional Australia","0-16","Police issued",2,0,3,5
2023,"NSW","Inner Regional Australia","17-25","Police issued",43,0,2,45
2023,"NSW","Inner Regional Australia","26-39","Police issued",69,0,2,71
2023,"NSW","Inner Regional Australia","40-64","Police issued",53,0,0,53
2023,"NSW","Inner Regional Australia","65 and over","Police issued",21,0,0,21
2023,"NSW","Major Cities of Australia","0-16","Police issued",1,0,0,1
2023,"NSW","Major Cities of Australia","17-25","Police issued",85,0,2,87
2023,"NSW","Major Cities of Australia","26-39","Police issued",151,0,7,158
2023,"NSW","Major Cities of Australia","40-64","Police issued",115,0,6,121
2023,"NSW","Major Cities of Australia","65 and over","Police issued",12,0,0,12
2023,"NSW","Outer Regional Australia","0-16","Police issued",2,0,0,2
2023,"NSW","Outer Regional Australia","17-25","Police issued",12,0,0,12
2023,"NSW","Outer Regional Australia","26-39","Police issued",34,0,1,35
2023,"NSW","Outer Regional Australia","40-64","Police issued",23,0,0,23
2023,"NSW","Outer Regional Australia","65 and over","Police issued",10,0,1,11
2023,"NSW","Remote Australia","17-25","Police issued",1,0,0,1
2023,"NSW","Remote Australia","26-39","Police issued",2,0,0,2
2023,"NSW","Unknown","17-25","Police issued",2,0,0,2
2023,"NSW","Very Remote Australia","26-39","Police issued",1,0,0,1
2023,"NT","Unknown","17-25","Police issued",12,0,4,16
2023,"NT","Unknown","26-39","Police issued",40,2,11,53
2023,"NT","Unknown","40-64","Police issued",28,0,0,28
2023,"NT","Unknown","65 and over","Police issued",0,0,4,4
2023,"SA","Unknown","0-16","Police issued",1,0,0,1
2023,"SA","Unknown","17-25","Police issued",39,0,0,39
2023,"SA","Unknown","26-39","Police issued",72,0,0,72
2023,"SA","Unknown","40-64","Police issued",74,0,0,74
2023,"SA","Unknown","65 and over","Police issued",31,0,0,31
2023,"SA","Unknown","Unknown","Police issued",0,0,0,0
2023,"TAS","Unknown","0-16","Police issued",0,0,0,0
2023,"TAS","Unknown","17-25","Police issued",11,0,1,12
2023,"TAS","Unknown","26-39","Police issued",13,0,2,15
2023,"TAS","Unknown","40-64","Police issued",14,0,1,15
2023,"TAS","Unknown","65 and over","Police issued",11,0,0,11
2023,"VIC","Inner Regional Australia","17-25","Police issued",26,0,0,26
2023,"VIC","Inner Regional Australia","26-39","Police issued",66,0,0,66
2023,"VIC","Inner Regional Australia","40-64","Police issued",49,0,0,49
2023,"VIC","Inner Regional Australia","65 and over","Police issued",19,0,0,19
2023,"VIC","Inner Regional Australia","Unknown","Camera",242,0,0,242
2023,"VIC","Major Cities of Australia","17-25","Police issued",53,0,0,53
2023,"VIC","Major Cities of Australia","26-39","Police issued",154,0,0,154
2023,"VIC","Major Cities of Australia","40-64","Police issued",118,0,0,118
2023,"VIC","Major Cities of Australia","65 and over","Police issued",24,0,0,24
2023,"VIC","Major Cities of Australia","Unknown","Camera",2466,0,0,2466
2023,"VIC","Outer Regional Australia","17-25","Police issued",5,0,0,5
2023,"VIC","Outer Regional Australia","26-39","Police issued",11,0,0,11
2023,"VIC","Outer Regional Australia","40-64","Police issued",14,0,0,14
2023,"VIC","Outer Regional Australia","65 and over","Police issued",4,0,0,4
2023,"VIC","Outer Regional Australia","Unknown","Camera",9,0,0,9
2023,"VIC","Unknown","26-39","Police issued",1,0,0,1
2023,"VIC","Unknown","40-64","Police issued",3,0,0,3
2023,"VIC","Unknown","Unknown","Camera",149,0,0,149
2023,"WA","Unknown","17-25","Police issued",32,0,0,32
2023,"WA","Unknown","17-25","Unknown",0,0,5,5
2023,"WA","Unknown","26-39","Police issued",53,0,0,53
2023,"WA","Unknown","26-39","Unknown",0,1,14,15
2023,"WA","Unknown","40-64","Police issued",34,0,0,34
2023,"WA","Unknown","40-64","Unknown",0,0,4,4
2023,"WA","Unknown","65 and over","Police issued",9,0,0,9
2023,"ACT","Major Cities of Australia","17-25","Police issued",2,0,0,2
2023,"ACT","Major Cities of Australia","26-39","Police issued",1,0,0,1
2023,"ACT","Major Cities of Australia","40-64","Police issued",4,0,0,4
2023,"NSW","Inner Regional Australia","0-16","Police issued",2,0,0,2
2023,"NSW","Inner Regional Australia","17-25","Police issued",73,0,2,75
2023,"NSW","Inner Regional Australia","26-39","Police issued",94,0,2,96
2023,"NSW","Inner Regional Australia","40-64","Police issued",65,0,4,69
2023,"NSW","Inner Regional Australia","65 and over","Police issued",14,0,0,14
2023,"NSW","Major Cities of Australia","0-16","Police issued",1,0,1,2
2023,"NSW","Major Cities of Australia","17-25","Police issued",113,0,3,116
2023,"NSW","Major Cities of Australia","26-39","Police issued",132,0,4,136
2023,"NSW","Major Cities of Australia","40-64","Police issued",84,0,1,85
2023,"NSW","Major Cities of Australia","65 and over","Police issued",18,0,0,18
2023,"NSW","Outer Regional Australia","17-25","Police issued",12,0,0,12
2023,"NSW","Outer Regional Australia","26-39","Police issued",18,0,2,20
2023,"NSW","Outer Regional Australia","40-64","Police issued",40,0,1,41
2023,"NSW","Outer Regional Australia","65 and over","Police issued",12,0,0,12
2023,"NSW","Remote Australia","17-25","Police issued",1,0,0,1
2023,"VIC","Outer Regional Australia","26-39","Police issued",13,0,0,13
2023,"VIC","Outer Regional Australia","40-64","Police issued",20,0,0,20
2023,"VIC","Outer Regional Australia","65 and over","Police issued",8,0,0,8
2023,"VIC","Remote Australia","26-39","Police issued",1,0,0,1
2023,"VIC","Remote Australia","40-64","Police issued",1,0,0,1
2023,"VIC","Unknown","17-25","Camera",4,0,0,4
2023,"VIC","Unknown","17-25","Police issued",2,0,0,2
2023,"VIC","Unknown","26-39","Camera",18,0,0,18
2023,"VIC","Unknown","26-39","Police issued",2,0,0,2
2023,"VIC","Unknown","40-64","Camera",18,0,0,18
2023,"VIC","Unknown","40-64","Police issued",1,0,0,1
2023,"VIC","Unknown","65 and over","Camera",5,0,0,5
2023,"VIC","Unknown","Unknown","Camera",7,0,0,7
2023,"WA","Unknown","0-16","Unknown",0,0,1,1
2023,"WA","Unknown","17-25","Police issued",25,0,0,25
2023,"WA","Unknown","17-25","Unknown",0,0,6,6
2023,"WA","Unknown","26-39","Police issued",56,0,0,56
2023,"WA","Unknown","26-39","Unknown",0,3,22,25
2023,"WA","Unknown","40-64","Police issued",42,0,0,42
2023,"WA","Unknown","40-64","Unknown",0,0,6,6
2023,"WA","Unknown","65 and over","Police issued",8,0,0,8
2023,"ACT","Major Cities of Australia","0-16","Police issued",1,0,0,1
2023,"ACT","Major Cities of Australia","17-25","Police issued",5,0,0,5
2023,"ACT","Major Cities of Australia","26-39","Police issued",1,0,0,1
2023,"ACT","Major Cities of Australia","40-64","Police issued",1,0,0,1
2023,"NSW","Inner Regional Australia","0-16","Police issued",2,0,0,2
2023,"NSW","Inner Regional Australia","17-25","Police issued",64,0,1,65
2023,"NSW","Inner Regional Australia","26-39","Police issued",105,0,1,106
2023,"NSW","Inner Regional Australia","40-64","Police issued",69,0,1,70
2023,"NSW","Inner Regional Australia","65 and over","Police issued",18,0,0,18
2023,"NSW","Major Cities of Australia","0-16","Police issued",3,0,0,3
2023,"NSW","Major Cities of Australia","17-25","Police issued",92,0,3,95
2023,"NSW","Major Cities of Australia","26-39","Police issued",154,0,7,161
2023,"NSW","Major Cities of Australia","40-64","Police issued",61,0,2,63
2023,"NSW","Major Cities of Australia","65 and over","Police issued",18,0,0,18
2023,"NSW","Outer Regional Australia","0-16","Police issued",1,0,0,1
2023,"NSW","Outer Regional Australia","17-25","Police issued",33,0,1,34
2023,"NSW","Outer Regional Australia","26-39","Police issued",26,0,0,26
2023,"NSW","Outer Regional Australia","40-64","Police issued",40,0,0,40
2023,"NSW","Outer Regional Australia","65 and over","Police issued",7,0,0,7
2023,"NSW","Remote Australia","17-25","Police issued",1,0,0,1
2023,"NSW","Remote Australia","26-39","Police issued",2,0,0,2
2023,"NSW","Remote Australia","40-64","Police issued",3,0,0,3
2023,"NSW","Remote Australia","65 and over","Police issued",3,0,0,3
2023,"NSW","Unknown","17-25","Police issued",1,0,0,1
2023,"NSW","Very Remote Australia","17-25","Police issued",1,0,0,1
2023,"NSW","Very Remote Australia","26-39","Police issued",1,0,0,1
2023,"NSW","Very Remote Australia","40-64","Police issued",1,0,0,1
2023,"NT","Unknown","17-25","Police issued",9,0,8,17
2023,"NT","Unknown","26-39","Police issued",28,3,10,41
2023,"NT","Unknown","40-64","Police issued",19,0,0,19
2023,"NT","Unknown","65 and over","Police issued",0,0,9,9
2023,"SA","Unknown","0-16","Police issued",0,0,0,0
2023,"SA","Unknown","17-25","Police issued",35,0,0,35
2023,"SA","Unknown","26-39","Police issued",59,0,0,59
2023,"SA","Unknown","40-64","Police issued",80,0,0,80
2023,"SA","Unknown","65 and over","Police issued",21,0,0,21
2023,"SA","Unknown","Unknown","Police issued",0,0,0,0
2023,"TAS","Unknown","17-25","Camera",59,0,0,59
2023,"TAS","Unknown","17-25","Police issued",11,0,3,14
2023,"TAS","Unknown","26-39","Camera",147,0,0,147
2023,"TAS","Unknown","26-39","Police issued",25,0,2,27
2023,"TAS","Unknown","40-64","Camera",146,0,0,146
2023,"TAS","Unknown","40-64","Police issued",23,0,0,23
2023,"TAS","Unknown","65 and over","Camera",67,0,0,67
2023,"TAS","Unknown","65 and over","Police issued",11,0,0,11
2023,"VIC","Inner Regional Australia","17-25","Camera",42,0,0,42
2023,"VIC","Inner Regional Australia","17-25","Police issued",33,0,0,33
2023,"VIC","Inner Regional Australia","26-39","Camera",124,0,0,124
2023,"VIC","Inner Regional Australia","26-39","Police issued",77,0,0,77
2023,"VIC","Inner Regional Australia","40-64","Camera",220,0,0,220
2023,"VIC","Inner Regional Australia","40-64","Police issued",52,0,0,52
2023,"VIC","Inner Regional Australia","65 and over","Camera",102,0,0,102
2023,"VIC","Inner Regional Australia","65 and over","Police issued",15,0,0,15
2023,"VIC","Inner Regional Australia","Unknown","Camera",97,0,0,97
2023,"VIC","Major Cities of Australia","17-25","Camera",136,0,0,136
2023,"VIC","Major Cities of Australia","17-25","Police issued",60,0,0,60
2023,"VIC","Major Cities of Australia","26-39","Camera",653,0,0,653
2023,"VIC","Major Cities of Australia","26-39","Police issued",179,0,0,179
2023,"VIC","Major Cities of Australia","40-64","Camera",765,0,0,765
2023,"VIC","Major Cities of Australia","40-64","Police issued",122,0,0,122
2023,"VIC","Major Cities of Australia","65 and over","Camera",196,0,0,196
2023,"VIC","Major Cities of Australia","65 and over","Police issued",13,0,0,13
2023,"VIC","Major Cities of Australia","Unknown","Camera",532,0,0,532
2023,"VIC","Outer Regional Australia","17-25","Camera",1,0,0,1
2023,"VIC","Outer Regional Australia","17-25","Police issued",9,0,0,9
2023,"VIC","Outer Regional Australia","26-39","Camera",4,0,0,4
2023,"VIC","Outer Regional Australia","26-39","Police issued",12,0,0,12
2023,"VIC","Outer Regional Australia","40-64","Camera",11,0,0,11
2023,"VIC","Outer Regional Australia","40-64","Police issued",14,0,0,14
2023,"VIC","Outer Regional Australia","65 and over","Camera",13,0,0,13
2023,"VIC","Outer Regional Australia","65 and over","Police issued",5,0,0,5
2023,"VIC","Outer Regional Australia","Unknown","Camera",11,0,0,11
2023,"VIC","Remote Australia","26-39","Police issued",1,0,0,1
2023,"VIC","Unknown","17-25","Camera",8,0,0,8
2023,"VIC","Unknown","26-39","Camera",48,0,0,48
2023,"VIC","Unknown","26-39","Police issued",1,0,0,1
2023,"VIC","Unknown","40-64","Camera",42,0,0,42
2023,"VIC","Unknown","40-64","Police issued",5,0,0,5
2023,"VIC","Unknown","65 and over","Camera",16,0,0,16
2023,"VIC","Unknown","Unknown","Camera",22,0,0,22
2023,"WA","Unknown","17-25","Police issued",42,0,0,42
2023,"WA","Unknown","17-25","Unknown",0,0,10,10
2023,"WA","Unknown","26-39","Police issued",62,0,0,62
2023,"WA","Unknown","26-39","Unknown",0,1,7,8
2023,"WA","Unknown","40-64","Police issued",46,0,0,46
2023,"WA","Unknown","40-64","Unknown",0,0,6,6
2023,"WA","Unknown","65 and over","Police issued",6,0,0,6
2023,"WA","Unknown","65 and over","Unknown",0,0,3,3
2023,"ACT","Major Cities of Australia","17-25","Police issued",3,0,0,3
2023,"ACT","Major Cities of Australia","26-39","Police issued",1,0,0,1
2023,"ACT","Major Cities of Australia","40-64","Police issued",1,0,0,1
2023,"NSW","Inner Regional Australia","0-16","Police issued",1,0,0,1
2023,"NSW","Inner Regional Australia","17-25","Police issued",72,0,0,72
2023,"NSW","Inner Regional Australia","26-39","Police issued",127,0,1,128
2023,"NSW","Inner Regional Australia","40-64","Police issued",85,0,0,85
2023,"NSW","Inner Regional Australia","65 and over","Police issued",13,0,0,13
2023,"NSW","Major Cities of Australia","0-16","Police issued",5,0,4,9
2023,"NSW","Major Cities of Australia","17-25","Police issued",143,0,4,147
2023,"NSW","Major Cities of Australia","26-39","Police issued",185,0,6,191
2023,"NSW","Major Cities of Australia","40-64","Police issued",128,0,2,130
2023,"NSW","Major Cities of Australia","65 and over","Police issued",23,0,0,23
2023,"NSW","Outer Regional Australia","17-25","Police issued",9,0,0,9
2023,"NSW","Outer Regional Australia","26-39","Police issued",46,0,2,48
2023,"NSW","Outer Regional Australia","40-64","Police issued",29,0,0,29
2023,"NSW","Outer Regional Australia","65 and over","Police issued",8,0,0,8
2023,"NSW","Remote Australia","17-25","Police issued",2,0,1,3
2023,"NSW","Remote Australia","26-39","Police issued",1,0,0,1
2023,"NSW","Remote Australia","40-64","Police issued",5,0,0,5
2023,"NSW","Unknown","17-25","Police issued",44,0,1,45
2023,"NSW","Unknown","26-39","Police issued",78,0,3,81
2023,"NSW","Unknown","40-64","Police issued",44,0,1,45
2023,"NSW","Unknown","65 and over","Police issued",9,0,0,9
2023,"NSW","Very Remote Australia","26-39","Police issued",2,0,0,2
2023,"NSW","Very Remote Australia","65 and over","Police issued",1,0,0,1
2023,"NT","Unknown","0-16","Police issued",0,0,2,2
2023,"NT","Unknown","17-25","Police issued",9,2,17,28
2023,"NT","Unknown","26-39","Police issued",22,0,16,38
2023,"NT","Unknown","40-64","Police issued",26,0,0,26
2023,"NT","Unknown","65 and over","Police issued",1,0,8,9
2023,"SA","Unknown","0-16","Police issued",2,0,0,2
2023,"SA","Unknown","17-25","Police issued",42,0,0,42
2023,"SA","Unknown","26-39","Police issued",92,0,0,92
2023,"SA","Unknown","40-64","Police issued",110,0,0,110
2023,"SA","Unknown","65 and over","Police issued",40,0,0,40
2023,"SA","Unknown","Unknown","Police issued",0,0,0,0
2023,"TAS","Unknown","0-16","Police issued",0,0,0,0
2023,"TAS","Unknown","17-25","Camera",39,0,0,39
2023,"TAS","Unknown","17-25","Police issued",16,0,1,17
2023,"TAS","Unknown","26-39","Camera",82,0,0,82
2023,"TAS","Unknown","26-39","Police issued",25,0,2,27
2023,"TAS","Unknown","40-64","Camera",94,0,0,94
2023,"TAS","Unknown","40-64","Police issued",26,0,1,27
2023,"TAS","Unknown","65 and over","Camera",52,0,0,52
2023,"TAS","Unknown","65 and over","Police issued",7,0,0,7
2023,"VIC","Inner Regional Australia","17-25","Camera",103,0,0,103
2023,"VIC","Inner Regional Australia","17-25","Police issued",32,0,0,32
2023,"VIC","Inner Regional Australia","26-39","Camera",353,0,0,353
2023,"VIC","Inner Regional Australia","26-39","Police issued",59,0,0,59
2023,"VIC","Inner Regional Australia","40-64","Camera",521,0,0,521
2023,"VIC","Inner Regional Australia","40-64","Police issued",46,0,0,46
2023,"VIC","Inner Regional Australia","65 and over","Camera",158,0,0,158
2023,"VIC","Inner Regional Australia","65 and over","Police issued",12,0,0,12
2023,"VIC","Inner Regional Australia","Unknown","Camera",256,0,0,256
2023,"VIC","Major Cities of Australia","17-25","Camera",175,0,0,175
2023,"VIC","Major Cities of Australia","17-25","Police issued",75,0,0,75
2023,"VIC","Major Cities of Australia","26-39","Camera",790,0,0,790
2023,"VIC","Major Cities of Australia","26-39","Police issued",159,0,0,159
2023,"VIC","Major Cities of Australia","40-64","Camera",1094,0,0,1094
2023,"VIC","Major Cities of Australia","40-64","Police issued",138,0,0,138
2023,"VIC","Major Cities of Australia","65 and over","Camera",328,0,0,328
2023,"VIC","Major Cities of Australia","65 and over","Police issued",21,0,0,21
2023,"VIC","Major Cities of Australia","Unknown","Camera",572,0,0,572
2023,"VIC","Major Cities of Australia","Unknown","Police issued",1,0,0,1
2023,"VIC","Outer Regional Australia","17-25","Police issued",8,0,0,8
2023,"VIC","Outer Regional Australia","26-39","Police issued",11,0,0,11
2023,"VIC","Outer Regional Australia","40-64","Police issued",8,0,0,8
2023,"VIC","Outer Regional Australia","65 and over","Police issued",8,0,0,8
2023,"VIC","Unknown","26-39","Police issued",3,0,0,3
2023,"WA","Unknown","17-25","Police issued",20,0,0,20
2023,"WA","Unknown","17-25","Unknown",0,0,9,9
2023,"WA","Unknown","26-39","Police issued",48,0,0,48
2023,"WA","Unknown","26-39","Unknown",0,0,20,20
2023,"WA","Unknown","40-64","Police issued",24,0,0,24
2023,"WA","Unknown","40-64","Unknown",0,0,9,9
2023,"WA","Unknown","65 and over","Police issued",4,0,0,4
2024,"ACT","Major Cities of Australia","17-25","Police issued",2,0,0,2
2024,"ACT","Major Cities of Australia","26-39","Police issued",3,0,0,3
2024,"ACT","Major Cities of Australia","40-64","Police issued",11,0,0,11
2024,"NSW","Inner Regional Australia","17-25","Police issued",80,0,3,83
2024,"NSW","Inner Regional Australia","26-39","Police issued",127,0,0,127
2024,"NSW","Inner Regional Australia","40-64","Police issued",70,0,1,71
2024,"NSW","Inner Regional Australia","65 and over","Police issued",10,0,0,10
2024,"NSW","Major Cities of Australia","0-16","Police issued",4,0,3,7
2024,"NSW","Major Cities of Australia","17-25","Police issued",171,0,2,173
2024,"NSW","Major Cities of Australia","26-39","Police issued",212,0,3,215
